2026-08-27 10:46:34,052 [WARNING] Wrist: requested pitch 90.00/roll 180.00 deg exceeds wrist_l/wrist_r travel at this combination -- scaled to pitch 60.00/roll 120.00 deg (direction preserved, magnitude reduced)
2026-08-27 10:46:34,053 [WARNING] Wrist pitch: requested 120.00 deg clamped to configured limit 90.00 deg
2026-08-27 10:46:34,054 [WARNING] Wrist pitch: requested 180.00 deg clamped to configured limit 90.00 deg
2026-08-27 16:51:03,048 [INFO] Backend started.
2026-08-27 16:51:03,056 [INFO] Connected to CAN bus, 6 joints configured.
2026-08-27 16:51:26,822 [INFO] Differential wrist config saved: wrist_l/wrist_r, enabled=True, ratio=1, swap=False, pitch=[-90,90], roll=[-180,180]
2026-08-27 16:51:47,897 [WARNING] CAN: can0 is up at 1000000 bps.
2026-08-27 16:51:47,904 [INFO] Connected to CAN bus, 6 joints configured.
2026-08-27 16:52:06,508 [WARNING] shoulder: home/origin set here (permanent, stored in motor)
2026-08-27 16:52:06,510 [WARNING] elbow: home/origin set here (permanent, stored in motor)
2026-08-27 16:52:09,331 [INFO] shoulder: enabled (holding 0.26 deg)
2026-08-27 16:52:09,334 [INFO] elbow: enabled (holding -2.07 deg)
2026-08-27 16:52:49,428 [WARNING] shoulder: home/origin set here (permanent, stored in motor)
2026-08-27 16:52:49,430 [WARNING] elbow: home/origin set here (permanent, stored in motor)
2026-08-27 16:52:49,451 [WARNING] wrist_l: home/origin set here (permanent, stored in motor)
2026-08-27 16:52:49,472 [WARNING] wrist_r: home/origin set here (permanent, stored in motor)
2026-08-27 16:53:12,511 [WARNING] shoulder: home/origin set here (permanent, stored in motor)
2026-08-27 16:53:12,512 [WARNING] elbow: home/origin set here (permanent, stored in motor)
2026-08-27 16:53:12,534 [WARNING] wrist_l: home/origin set here (permanent, stored in motor)
2026-08-27 16:53:12,555 [WARNING] wrist_r: home/origin set here (permanent, stored in motor)
2026-08-27 16:53:24,911 [INFO] shoulder: enabled (holding 2.72 deg)
2026-08-27 16:53:24,914 [INFO] elbow: enabled (holding -2.46 deg)
2026-08-27 16:53:24,916 [INFO] wrist_l: enabled (holding 0.00 deg)
2026-08-27 16:53:24,919 [INFO] wrist_r: enabled (holding 0.00 deg)
2026-08-27 16:53:58,771 [INFO] wrist_l: disabled
2026-08-27 16:53:58,772 [INFO] wrist_r: disabled
2026-08-27 16:54:14,612 [WARNING] wrist_l: home/origin set here (permanent, stored in motor)
2026-08-27 16:54:14,634 [WARNING] wrist_r: home/origin set here (permanent, stored in motor)
2026-08-27 16:54:15,706 [INFO] wrist_l: enabled (holding 0.00 deg)
2026-08-27 16:54:15,709 [INFO] wrist_r: enabled (holding 0.00 deg)
2026-08-27 16:54:38,295 [WARNING] wrist_l: home/origin set here (permanent, stored in motor)
2026-08-27 16:54:51,297 [WARNING] wrist_r: home/origin set here (permanent, stored in motor)
2026-08-27 16:55:40,426 [WARNING] wrist_r: home/origin set here (permanent, stored in motor)
2026-08-27 16:55:55,761 [INFO] wrist_l: enabled (holding 0.00 deg)
2026-08-27 16:57:22,143 [WARNING] Wrist pitch: requested -180.00 deg clamped to configured limit -90.00 deg
2026-08-27 16:57:27,745 [WARNING] Wrist pitch: requested -180.00 deg clamped to configured limit -90.00 deg
2026-08-27 16:57:48,616 [INFO] Differential wrist config saved: wrist_l/wrist_r, enabled=True, ratio=1, swap=True, pitch=[-180,180], roll=[-180,180]
2026-08-27 16:57:58,795 [INFO] Differential wrist config saved: wrist_l/wrist_r, enabled=True, ratio=1, swap=True, pitch=[-90,90], roll=[-180,180]
2026-08-27 16:58:25,200 [INFO] Differential wrist config saved: wrist_l/wrist_r, enabled=True, ratio=1, swap=True, pitch=[-90,90], roll=[-180,180]
2026-08-27 16:59:44,866 [WARNING] Wrist: requested pitch -90.00/roll 180.00 deg exceeds wrist_l/wrist_r travel at this combination -- scaled to pitch -60.00/roll 120.00 deg (direction preserved, magnitude reduced)
2026-08-27 17:01:20,638 [WARNING] Wrist: requested pitch -89.00/roll 179.00 deg exceeds wrist_l/wrist_r travel at this combination -- scaled to pitch -59.78/roll 120.22 deg (direction preserved, magnitude reduced)
2026-08-27 17:02:55,457 [INFO] Differential wrist config saved: wrist_l/wrist_r, enabled=True, ratio=1, swap=True, pitch=[-90,90], roll=[-360,360]
2026-08-27 17:03:23,675 [WARNING] Wrist: requested pitch -90.00/roll 180.00 deg exceeds wrist_l/wrist_r travel at this combination -- scaled to pitch -60.00/roll 120.00 deg (direction preserved, magnitude reduced)
2026-08-27 17:04:25,795 [WARNING] Wrist: requested pitch -90.00/roll 120.00 deg exceeds wrist_l/wrist_r travel at this combination -- scaled to pitch -77.14/roll 102.86 deg (direction preserved, magnitude reduced)
2026-08-27 17:05:12,014 [INFO] Differential wrist config saved: wrist_l/wrist_r, enabled=True, ratio=1, swap=True, pitch=[-360,360], roll=[-360,360]
2026-08-27 17:05:23,804 [WARNING] Wrist: requested pitch -90.00/roll 180.00 deg exceeds wrist_l/wrist_r travel at this combination -- scaled to pitch -60.00/roll 120.00 deg (direction preserved, magnitude reduced)
2026-08-27 17:06:03,145 [WARNING] CAN: can0 is up at 1000000 bps.
2026-08-27 17:06:03,150 [INFO] Connected to CAN bus, 6 joints configured.
2026-08-27 17:06:34,322 [INFO] Differential wrist config saved: wrist_l/wrist_r, enabled=True, ratio=1, swap=True, pitch=[-90,90], roll=[-180,180]
2026-08-27 17:14:17,295 [WARNING] CAN: can0 is up at 1000000 bps.
2026-08-27 17:14:17,302 [INFO] Connected to CAN bus, 6 joints configured.
2026-08-27 17:16:16,006 [WARNING] Wrist: requested pitch -90.00/roll 180.00 deg exceeds wrist_l/wrist_r travel at this combination -- scaled to pitch -60.00/roll 120.00 deg (direction preserved, magnitude reduced)
2026-08-27 17:17:09,017 [WARNING] Wrist: requested pitch -90.00/roll 100.00 deg exceeds wrist_l/wrist_r travel at this combination -- scaled to pitch -85.26/roll 94.74 deg (direction preserved, magnitude reduced)
2026-08-27 17:19:04,983 [INFO] wrist_l: disabled
2026-08-27 17:19:04,984 [INFO] wrist_r: disabled
2026-08-27 17:19:29,356 [INFO] wrist_l: disabled
2026-08-27 17:19:29,358 [INFO] wrist_r: disabled
2026-08-27 17:20:44,535 [INFO] Differential wrist config saved: wrist_l/wrist_r, enabled=True, ratio=1, swap=True, pitch=[-90,90], roll=[-180,180]
2026-08-27 17:20:57,181 [INFO] wrist_l: enabled (holding -93.12 deg)
2026-08-27 17:20:57,184 [INFO] wrist_r: enabled (holding 88.81 deg)
2026-08-27 17:21:14,590 [WARNING] CAN: can0 is up at 1000000 bps.
2026-08-27 17:21:14,595 [INFO] Connected to CAN bus, 6 joints configured.
2026-08-27 17:21:21,962 [INFO] wrist_l: enabled (holding -93.12 deg)
2026-08-27 17:21:21,965 [INFO] wrist_r: enabled (holding 88.81 deg)
2026-08-27 17:21:59,759 [WARNING] Wrist: requested pitch -90.00/roll 91.00 deg exceeds wrist_l/wrist_r travel at this combination -- scaled to pitch -89.50/roll 90.50 deg (direction preserved, magnitude reduced)
2026-08-27 17:26:23,403 [WARNING] Wrist roll: requested -270.00 deg clamped to configured limit -180.00 deg
2026-08-27 17:26:27,224 [WARNING] Wrist roll: requested -270.00 deg clamped to configured limit -180.00 deg
2026-08-27 17:26:28,335 [WARNING] Wrist roll: requested -270.00 deg clamped to configured limit -180.00 deg
2026-08-27 17:26:31,046 [WARNING] Wrist roll: requested -270.00 deg clamped to configured limit -180.00 deg
2026-08-27 17:26:37,250 [WARNING] CAN: can0 is up at 1000000 bps.
2026-08-27 17:26:37,256 [INFO] Connected to CAN bus, 6 joints configured.
2026-08-27 17:26:41,767 [WARNING] Wrist roll: requested -270.00 deg clamped to configured limit -180.00 deg
2026-08-27 17:26:44,591 [WARNING] Wrist roll: requested -270.00 deg clamped to configured limit -180.00 deg
2026-08-27 17:27:38,150 [WARNING] CAN: can0 is up at 1000000 bps.
2026-08-27 17:27:38,154 [INFO] Connected to CAN bus, 6 joints configured.
2026-08-27 17:28:12,581 [WARNING] Wrist: requested pitch -90.00/roll -180.00 deg exceeds wrist_l/wrist_r travel at this combination -- scaled to pitch -60.00/roll -120.00 deg (direction preserved, magnitude reduced)
2026-08-27 17:30:19,143 [WARNING] Wrist pitch: requested -100.00 deg clamped to configured limit -90.00 deg
2026-08-27 17:30:19,143 [WARNING] Wrist: requested pitch -90.00/roll 180.00 deg exceeds wrist_l/wrist_r travel at this combination -- scaled to pitch -60.00/roll 120.00 deg (direction preserved, magnitude reduced)
2026-08-27 17:30:50,190 [INFO] Differential wrist config saved: wrist_l/wrist_r, enabled=True, ratio=1, swap=True, pitch=[-110,110], roll=[-180,180]
2026-08-27 17:31:00,368 [WARNING] Wrist: requested pitch -110.00/roll 180.00 deg exceeds wrist_l/wrist_r travel at this combination -- scaled to pitch -68.28/roll 111.72 deg (direction preserved, magnitude reduced)
2026-08-27 17:31:25,763 [INFO] Differential wrist config saved: wrist_l/wrist_r, enabled=True, ratio=1, swap=True, pitch=[-120,120], roll=[-180,180]
2026-08-27 17:31:31,408 [WARNING] Wrist: requested pitch -120.00/roll 180.00 deg exceeds wrist_l/wrist_r travel at this combination -- scaled to pitch -72.00/roll 108.00 deg (direction preserved, magnitude reduced)
2026-08-27 17:31:48,337 [INFO] Differential wrist config saved: wrist_l/wrist_r, enabled=True, ratio=1, swap=True, pitch=[-180,180], roll=[-180,180]
2026-08-27 17:32:03,845 [WARNING] Wrist: requested pitch 130.00/roll 180.00 deg exceeds wrist_l/wrist_r travel at this combination -- scaled to pitch 75.48/roll 104.52 deg (direction preserved, magnitude reduced)
2026-08-27 17:32:12,032 [WARNING] Wrist: requested pitch -130.00/roll 180.00 deg exceeds wrist_l/wrist_r travel at this combination -- scaled to pitch -75.48/roll 104.52 deg (direction preserved, magnitude reduced)
2026-08-27 17:32:30,675 [WARNING] Wrist: requested pitch -150.00/roll 180.00 deg exceeds wrist_l/wrist_r travel at this combination -- scaled to pitch -81.82/roll 98.18 deg (direction preserved, magnitude reduced)
2026-08-27 17:33:04,546 [WARNING] Wrist: requested pitch -160.00/roll 180.00 deg exceeds wrist_l/wrist_r travel at this combination -- scaled to pitch -84.71/roll 95.29 deg (direction preserved, magnitude reduced)
2026-08-27 17:34:32,030 [WARNING] Wrist: requested pitch -170.00/roll 180.00 deg exceeds wrist_l/wrist_r travel at this combination -- scaled to pitch -87.43/roll 92.57 deg (direction preserved, magnitude reduced)
2026-08-27 17:34:52,888 [WARNING] Wrist: requested pitch -175.00/roll 180.00 deg exceeds wrist_l/wrist_r travel at this combination -- scaled to pitch -88.73/roll 91.27 deg (direction preserved, magnitude reduced)
2026-08-27 17:36:20,383 [WARNING] Wrist: requested pitch -180.00/roll 180.00 deg exceeds wrist_l/wrist_r travel at this combination -- scaled to pitch -90.00/roll 90.00 deg (direction preserved, magnitude reduced)
2026-08-27 17:38:46,496 [WARNING] Wrist: requested pitch -180.00/roll 180.00 deg exceeds wrist_l/wrist_r travel at this combination -- scaled to pitch -90.00/roll 90.00 deg (direction preserved, magnitude reduced)
2026-08-27 17:39:06,833 [ERROR] BUS WATCHDOG: no motor has responded in over 3.0s while torque was enabled -- forcing E-STOP.
2026-08-27 17:39:10,144 [WARNING] EMERGENCY STOP: all joints disabled.
2026-08-27 17:39:30,949 [WARNING] CAN: can0 is up at 1000000 bps.
2026-08-27 17:39:30,955 [INFO] Connected to CAN bus, 6 joints configured.
2026-08-27 17:39:48,152 [WARNING] shoulder: home/origin set here (permanent, stored in motor)
2026-08-27 17:39:48,154 [WARNING] elbow: home/origin set here (permanent, stored in motor)
2026-08-27 17:39:50,972 [INFO] shoulder: enabled (holding 0.00 deg)
2026-08-27 17:39:50,975 [INFO] elbow: enabled (holding 0.00 deg)
2026-08-27 17:44:17,492 [ERROR] BUS WATCHDOG: no motor has responded in over 3.0s while torque was enabled -- forcing E-STOP.
2026-08-27 17:44:20,804 [WARNING] EMERGENCY STOP: all joints disabled.
2026-08-27 18:10:59,316 [ERROR] worker loop error: Failed to transmit: No buffer space available [Error Code 105]
2026-08-27 18:10:59,324 [ERROR] worker loop error: Failed to transmit: No buffer space available [Error Code 105]
2026-08-27 18:10:59,330 [ERROR] worker loop error: Failed to transmit: No buffer space available [Error Code 105]
2026-08-27 18:10:59,336 [ERROR] worker loop error: Failed to transmit: No buffer space available [Error Code 105]
2026-08-27 18:10:59,340 [WARNING] CAN: can0 is down.
2026-08-27 18:10:59,343 [ERROR] worker loop error: Failed to transmit: Network is down [Error Code 100]
2026-08-27 18:10:59,350 [ERROR] worker loop error: Failed to transmit: Network is down [Error Code 100]
2026-08-27 18:10:59,357 [ERROR] worker loop error: Failed to transmit: Network is down [Error Code 100]
2026-08-27 18:10:59,364 [ERROR] worker loop error: Failed to transmit: Network is down [Error Code 100]
2026-08-27 18:10:59,370 [ERROR] worker loop error: Failed to transmit: Network is down [Error Code 100]
2026-08-27 18:10:59,376 [ERROR] worker loop error: Failed to transmit: Network is down [Error Code 100]
2026-08-27 18:10:59,383 [ERROR] worker loop error: Failed to transmit: Network is down [Error Code 100]
2026-08-27 18:10:59,389 [ERROR] worker loop error: Failed to transmit: Network is down [Error Code 100]
2026-08-27 18:10:59,396 [ERROR] worker loop error: Failed to transmit: Network is down [Error Code 100]
2026-08-27 18:10:59,402 [ERROR] worker loop error: Failed to transmit: Network is down [Error Code 100]
2026-08-27 18:10:59,408 [ERROR] worker loop error: Failed to transmit: Network is down [Error Code 100]
2026-08-27 18:10:59,415 [ERROR] worker loop error: Failed to transmit: Network is down [Error Code 100]
2026-08-27 18:10:59,421 [ERROR] worker loop error: Failed to transmit: Network is down [Error Code 100]
2026-08-27 18:10:59,428 [ERROR] worker loop error: Failed to transmit: Network is down [Error Code 100]
2026-08-27 18:10:59,434 [ERROR] worker loop error: Failed to transmit: Network is down [Error Code 100]
2026-08-27 18:10:59,440 [ERROR] worker loop error: Failed to transmit: Network is down [Error Code 100]
2026-08-27 18:10:59,446 [ERROR] worker loop error: Failed to transmit: Network is down [Error Code 100]
2026-08-27 18:10:59,453 [ERROR] worker loop error: Failed to transmit: Network is down [Error Code 100]
2026-08-27 18:10:59,459 [ERROR] worker loop error: Failed to transmit: Network is down [Error Code 100]
2026-08-27 18:10:59,466 [ERROR] worker loop error: Failed to transmit: Network is down [Error Code 100]
2026-08-27 18:10:59,472 [ERROR] worker loop error: Failed to transmit: Network is down [Error Code 100]
2026-08-27 18:10:59,478 [ERROR] worker loop error: Failed to transmit: Network is down [Error Code 100]
2026-08-27 18:10:59,485 [ERROR] worker loop error: Failed to transmit: Network is down [Error Code 100]
2026-08-27 18:10:59,491 [ERROR] worker loop error: Failed to transmit: Network is down [Error Code 100]
2026-08-27 18:10:59,497 [ERROR] worker loop error: Failed to transmit: Network is down [Error Code 100]
2026-08-27 18:10:59,504 [ERROR] worker loop error: Failed to transmit: Network is down [Error Code 100]
2026-08-27 18:10:59,510 [ERROR] worker loop error: Failed to transmit: Network is down [Error Code 100]
2026-08-27 18:10:59,517 [ERROR] worker loop error: Failed to transmit: Network is down [Error Code 100]
2026-08-27 18:10:59,523 [ERROR] worker loop error: Failed to transmit: Network is down [Error Code 100]
2026-08-27 18:10:59,529 [ERROR] worker loop error: Failed to transmit: Network is down [Error Code 100]
2026-08-27 18:10:59,535 [ERROR] worker loop error: Failed to transmit: Network is down [Error Code 100]
2026-08-27 18:10:59,542 [ERROR] worker loop error: Failed to transmit: Network is down [Error Code 100]
2026-08-27 18:10:59,548 [ERROR] worker loop error: Failed to transmit: Network is down [Error Code 100]
2026-08-27 18:10:59,554 [ERROR] worker loop error: Failed to transmit: Network is down [Error Code 100]
2026-08-27 18:10:59,560 [ERROR] worker loop error: Failed to transmit: Network is down [Error Code 100]
2026-08-27 18:10:59,566 [ERROR] worker loop error: Failed to transmit: Network is down [Error Code 100]
2026-08-27 18:10:59,573 [ERROR] worker loop error: Failed to transmit: Network is down [Error Code 100]
2026-08-27 18:10:59,579 [ERROR] worker loop error: Failed to transmit: Network is down [Error Code 100]
2026-08-27 18:10:59,585 [ERROR] worker loop error: Failed to transmit: Network is down [Error Code 100]
2026-08-27 18:10:59,591 [ERROR] worker loop error: Failed to transmit: Network is down [Error Code 100]
2026-08-27 18:10:59,597 [ERROR] worker loop error: Failed to transmit: Network is down [Error Code 100]
2026-08-27 18:10:59,603 [ERROR] worker loop error: Failed to transmit: Network is down [Error Code 100]
2026-08-27 18:10:59,609 [ERROR] worker loop error: Failed to transmit: Network is down [Error Code 100]
2026-08-27 18:10:59,615 [ERROR] worker loop error: Failed to transmit: Network is down [Error Code 100]
2026-08-27 18:10:59,622 [ERROR] worker loop error: Failed to transmit: Network is down [Error Code 100]
2026-08-27 18:10:59,628 [ERROR] worker loop error: Failed to transmit: Network is down [Error Code 100]
2026-08-27 18:10:59,634 [ERROR] worker loop error: Failed to transmit: Network is down [Error Code 100]
2026-08-27 18:10:59,640 [ERROR] worker loop error: Failed to transmit: Network is down [Error Code 100]
2026-08-27 18:10:59,647 [ERROR] worker loop error: Failed to transmit: Network is down [Error Code 100]
2026-08-27 18:10:59,654 [ERROR] worker loop error: Failed to transmit: Network is down [Error Code 100]
2026-08-27 18:10:59,661 [ERROR] worker loop error: Failed to transmit: Network is down [Error Code 100]
2026-08-27 18:10:59,668 [ERROR] worker loop error: Failed to transmit: Network is down [Error Code 100]
2026-08-27 18:10:59,674 [ERROR] worker loop error: Failed to transmit: Network is down [Error Code 100]
2026-08-27 18:10:59,680 [ERROR] worker loop error: Failed to transmit: Network is down [Error Code 100]
2026-08-27 18:10:59,687 [ERROR] worker loop error: Failed to transmit: Network is down [Error Code 100]
2026-08-27 18:10:59,693 [ERROR] worker loop error: Failed to transmit: Network is down [Error Code 100]
2026-08-27 18:10:59,699 [ERROR] worker loop error: Failed to transmit: Network is down [Error Code 100]
2026-08-27 18:10:59,705 [ERROR] worker loop error: Failed to transmit: Network is down [Error Code 100]
2026-08-27 18:10:59,711 [ERROR] worker loop error: Failed to transmit: Network is down [Error Code 100]
2026-08-27 18:10:59,717 [ERROR] worker loop error: Failed to transmit: Network is down [Error Code 100]
2026-08-27 18:10:59,724 [ERROR] worker loop error: Failed to transmit: Network is down [Error Code 100]
2026-08-27 18:10:59,730 [ERROR] worker loop error: Failed to transmit: Network is down [Error Code 100]
2026-08-27 18:10:59,737 [ERROR] worker loop error: Failed to transmit: Network is down [Error Code 100]
2026-08-27 18:10:59,743 [ERROR] worker loop error: Failed to transmit: Network is down [Error Code 100]
2026-08-27 18:10:59,749 [ERROR] worker loop error: Failed to transmit: Network is down [Error Code 100]
2026-08-27 18:10:59,756 [ERROR] worker loop error: Failed to transmit: Network is down [Error Code 100]
2026-08-27 18:10:59,762 [ERROR] worker loop error: Failed to transmit: Network is down [Error Code 100]
2026-08-27 18:10:59,769 [ERROR] worker loop error: Failed to transmit: Network is down [Error Code 100]
2026-08-27 18:10:59,775 [ERROR] worker loop error: Failed to transmit: Network is down [Error Code 100]
2026-08-27 18:10:59,781 [ERROR] worker loop error: Failed to transmit: Network is down [Error Code 100]
2026-08-27 18:10:59,787 [ERROR] worker loop error: Failed to transmit: Network is down [Error Code 100]
2026-08-27 18:10:59,794 [ERROR] worker loop error: Failed to transmit: Network is down [Error Code 100]
2026-08-27 18:10:59,800 [ERROR] worker loop error: Failed to transmit: Network is down [Error Code 100]
2026-08-27 18:10:59,806 [ERROR] worker loop error: Failed to transmit: Network is down [Error Code 100]
2026-08-27 18:10:59,812 [ERROR] worker loop error: Failed to transmit: Network is down [Error Code 100]
2026-08-27 18:10:59,819 [ERROR] worker loop error: Failed to transmit: Network is down [Error Code 100]
2026-08-27 18:10:59,825 [ERROR] worker loop error: Failed to transmit: Network is down [Error Code 100]
2026-08-27 18:10:59,831 [ERROR] worker loop error: Failed to transmit: Network is down [Error Code 100]
2026-08-27 18:10:59,838 [ERROR] worker loop error: Failed to transmit: Network is down [Error Code 100]
2026-08-27 18:10:59,844 [ERROR] worker loop error: Failed to transmit: Network is down [Error Code 100]
2026-08-27 18:10:59,851 [ERROR] worker loop error: Failed to transmit: Network is down [Error Code 100]
2026-08-27 18:10:59,857 [ERROR] worker loop error: Failed to transmit: Network is down [Error Code 100]
2026-08-27 18:10:59,864 [ERROR] worker loop error: Failed to transmit: Network is down [Error Code 100]
2026-08-27 18:10:59,870 [ERROR] worker loop error: Failed to transmit: Network is down [Error Code 100]
2026-08-27 18:10:59,876 [ERROR] worker loop error: Failed to transmit: Network is down [Error Code 100]
2026-08-27 18:10:59,882 [ERROR] worker loop error: Failed to transmit: Network is down [Error Code 100]
2026-08-27 18:10:59,889 [ERROR] worker loop error: Failed to transmit: Network is down [Error Code 100]
2026-08-27 18:10:59,895 [ERROR] worker loop error: Failed to transmit: Network is down [Error Code 100]
2026-08-27 18:10:59,901 [ERROR] worker loop error: Failed to transmit: Network is down [Error Code 100]
2026-08-27 18:10:59,908 [ERROR] worker loop error: Failed to transmit: Network is down [Error Code 100]
2026-08-27 18:10:59,914 [ERROR] worker loop error: Failed to transmit: Network is down [Error Code 100]
2026-08-27 18:10:59,920 [ERROR] worker loop error: Failed to transmit: Network is down [Error Code 100]
2026-08-27 18:10:59,926 [ERROR] worker loop error: Failed to transmit: Network is down [Error Code 100]
2026-08-27 18:10:59,933 [ERROR] worker loop error: Failed to transmit: Network is down [Error Code 100]
2026-08-27 18:10:59,939 [ERROR] worker loop error: Failed to transmit: Network is down [Error Code 100]
2026-08-27 18:10:59,945 [ERROR] worker loop error: Failed to transmit: Network is down [Error Code 100]
2026-08-27 18:10:59,952 [ERROR] worker loop error: Failed to transmit: Network is down [Error Code 100]
2026-08-27 18:10:59,958 [ERROR] worker loop error: Failed to transmit: Network is down [Error Code 100]
2026-08-27 18:10:59,964 [ERROR] worker loop error: Failed to transmit: Network is down [Error Code 100]
2026-08-27 18:10:59,971 [ERROR] worker loop error: Failed to transmit: Network is down [Error Code 100]
2026-08-27 18:10:59,977 [ERROR] worker loop error: Failed to transmit: Network is down [Error Code 100]
2026-08-27 18:10:59,983 [ERROR] worker loop error: Failed to transmit: Network is down [Error Code 100]
2026-08-27 18:10:59,990 [ERROR] worker loop error: Failed to transmit: Network is down [Error Code 100]
2026-08-27 18:10:59,996 [ERROR] worker loop error: Failed to transmit: Network is down [Error Code 100]
2026-08-27 18:11:00,002 [ERROR] worker loop error: Failed to transmit: Network is down [Error Code 100]
2026-08-27 18:11:00,009 [ERROR] worker loop error: Failed to transmit: Network is down [Error Code 100]
2026-08-27 18:11:00,015 [ERROR] worker loop error: Failed to transmit: Network is down [Error Code 100]
2026-08-27 18:11:00,021 [ERROR] worker loop error: Failed to transmit: Network is down [Error Code 100]
2026-08-27 18:11:00,027 [ERROR] worker loop error: Failed to transmit: Network is down [Error Code 100]
2026-08-27 18:11:00,034 [ERROR] worker loop error: Failed to transmit: Network is down [Error Code 100]
2026-08-27 18:11:00,040 [ERROR] worker loop error: Failed to transmit: Network is down [Error Code 100]
2026-08-27 18:11:00,046 [ERROR] worker loop error: Failed to transmit: Network is down [Error Code 100]
2026-08-27 18:11:00,052 [ERROR] worker loop error: Failed to transmit: Network is down [Error Code 100]
2026-08-27 18:11:00,059 [ERROR] worker loop error: Failed to transmit: Network is down [Error Code 100]
2026-08-27 18:11:00,065 [ERROR] worker loop error: Failed to transmit: Network is down [Error Code 100]
2026-08-27 18:11:00,072 [ERROR] worker loop error: Failed to transmit: Network is down [Error Code 100]
2026-08-27 18:11:00,078 [ERROR] worker loop error: Failed to transmit: Network is down [Error Code 100]
2026-08-27 18:11:00,084 [ERROR] worker loop error: Failed to transmit: Network is down [Error Code 100]
2026-08-27 18:11:00,091 [ERROR] worker loop error: Failed to transmit: Network is down [Error Code 100]
2026-08-27 18:11:00,097 [ERROR] worker loop error: Failed to transmit: Network is down [Error Code 100]
2026-08-27 18:11:00,103 [ERROR] worker loop error: Failed to transmit: Network is down [Error Code 100]
2026-08-27 18:11:00,109 [ERROR] worker loop error: Failed to transmit: Network is down [Error Code 100]
2026-08-27 18:11:00,115 [ERROR] worker loop error: Failed to transmit: Network is down [Error Code 100]
2026-08-27 18:11:00,122 [ERROR] worker loop error: Failed to transmit: Network is down [Error Code 100]
2026-08-27 18:11:00,128 [ERROR] worker loop error: Failed to transmit: Network is down [Error Code 100]
2026-08-27 18:11:00,134 [ERROR] worker loop error: Failed to transmit: Network is down [Error Code 100]
2026-08-27 18:11:00,141 [ERROR] worker loop error: Failed to transmit: Network is down [Error Code 100]
2026-08-27 18:11:00,147 [ERROR] worker loop error: Failed to transmit: Network is down [Error Code 100]
2026-08-27 18:11:00,153 [ERROR] worker loop error: Failed to transmit: Network is down [Error Code 100]
2026-08-27 18:11:00,160 [ERROR] worker loop error: Failed to transmit: Network is down [Error Code 100]
2026-08-27 18:11:00,166 [ERROR] worker loop error: Failed to transmit: Network is down [Error Code 100]
2026-08-27 18:11:00,173 [ERROR] worker loop error: Failed to transmit: Network is down [Error Code 100]
2026-08-27 18:11:00,179 [ERROR] worker loop error: Failed to transmit: Network is down [Error Code 100]
2026-08-27 18:11:00,186 [ERROR] worker loop error: Failed to transmit: Network is down [Error Code 100]
2026-08-27 18:11:00,192 [ERROR] worker loop error: Failed to transmit: Network is down [Error Code 100]
2026-08-27 18:11:00,198 [ERROR] worker loop error: Failed to transmit: Network is down [Error Code 100]
2026-08-27 18:11:00,205 [ERROR] worker loop error: Failed to transmit: Network is down [Error Code 100]
2026-08-27 18:11:00,211 [ERROR] worker loop error: Failed to transmit: Network is down [Error Code 100]
2026-08-27 18:11:00,217 [ERROR] worker loop error: Failed to transmit: Network is down [Error Code 100]
2026-08-27 18:11:00,223 [ERROR] worker loop error: Failed to transmit: Network is down [Error Code 100]
2026-08-27 18:11:00,229 [ERROR] worker loop error: Failed to transmit: Network is down [Error Code 100]
2026-08-27 18:11:00,236 [ERROR] worker loop error: Failed to transmit: Network is down [Error Code 100]
2026-08-27 18:11:00,242 [ERROR] worker loop error: Failed to transmit: Network is down [Error Code 100]
2026-08-27 18:11:00,248 [ERROR] worker loop error: Failed to transmit: Network is down [Error Code 100]
2026-08-27 18:11:00,255 [ERROR] worker loop error: Failed to transmit: Network is down [Error Code 100]
2026-08-27 18:11:00,261 [ERROR] worker loop error: Failed to transmit: Network is down [Error Code 100]
2026-08-27 18:11:00,267 [ERROR] worker loop error: Failed to transmit: Network is down [Error Code 100]
2026-08-27 18:11:00,273 [ERROR] worker loop error: Failed to transmit: Network is down [Error Code 100]
2026-08-27 18:11:00,280 [ERROR] worker loop error: Failed to transmit: Network is down [Error Code 100]
2026-08-27 18:11:00,286 [ERROR] worker loop error: Failed to transmit: Network is down [Error Code 100]
2026-08-27 18:11:00,293 [ERROR] worker loop error: Failed to transmit: Network is down [Error Code 100]
2026-08-27 18:11:00,299 [ERROR] worker loop error: Failed to transmit: Network is down [Error Code 100]
2026-08-27 18:11:00,305 [ERROR] worker loop error: Failed to transmit: Network is down [Error Code 100]
2026-08-27 18:11:00,311 [ERROR] worker loop error: Failed to transmit: Network is down [Error Code 100]
2026-08-27 18:11:00,318 [ERROR] worker loop error: Failed to transmit: Network is down [Error Code 100]
2026-08-27 18:11:00,324 [ERROR] worker loop error: Failed to transmit: Network is down [Error Code 100]
2026-08-27 18:11:00,330 [ERROR] worker loop error: Failed to transmit: Network is down [Error Code 100]
2026-08-27 18:11:00,337 [ERROR] worker loop error: Failed to transmit: Network is down [Error Code 100]
2026-08-27 18:11:00,343 [ERROR] worker loop error: Failed to transmit: Network is down [Error Code 100]
2026-08-27 18:11:00,350 [ERROR] worker loop error: Failed to transmit: Network is down [Error Code 100]
2026-08-27 18:11:00,356 [ERROR] worker loop error: Failed to transmit: Network is down [Error Code 100]
2026-08-27 18:11:00,361 [ERROR] worker loop error: Failed to transmit: Network is down [Error Code 100]
2026-08-27 18:11:00,368 [ERROR] worker loop error: Failed to transmit: Network is down [Error Code 100]
2026-08-27 18:11:00,374 [ERROR] worker loop error: Failed to transmit: Network is down [Error Code 100]
2026-08-27 18:11:00,381 [ERROR] worker loop error: Failed to transmit: Network is down [Error Code 100]
2026-08-27 18:11:00,387 [ERROR] worker loop error: Failed to transmit: Network is down [Error Code 100]
2026-08-27 18:11:00,393 [ERROR] worker loop error: Failed to transmit: Network is down [Error Code 100]
2026-08-27 18:11:00,400 [ERROR] worker loop error: Failed to transmit: Network is down [Error Code 100]
2026-08-27 18:11:00,406 [ERROR] worker loop error: Failed to transmit: Network is down [Error Code 100]
2026-08-27 18:11:00,412 [ERROR] worker loop error: Failed to transmit: Network is down [Error Code 100]
2026-08-27 18:11:00,418 [ERROR] worker loop error: Failed to transmit: Network is down [Error Code 100]
2026-08-27 18:11:00,425 [ERROR] worker loop error: Failed to transmit: Network is down [Error Code 100]
2026-08-27 18:11:00,431 [ERROR] worker loop error: Failed to transmit: Network is down [Error Code 100]
2026-08-27 18:11:00,437 [ERROR] worker loop error: Failed to transmit: Network is down [Error Code 100]
2026-08-27 18:11:00,444 [ERROR] worker loop error: Failed to transmit: Network is down [Error Code 100]
2026-08-27 18:11:00,450 [ERROR] worker loop error: Failed to transmit: Network is down [Error Code 100]
2026-08-27 18:11:00,456 [ERROR] worker loop error: Failed to transmit: Network is down [Error Code 100]
2026-08-27 18:11:00,462 [ERROR] worker loop error: Failed to transmit: Network is down [Error Code 100]
2026-08-27 18:11:00,468 [ERROR] worker loop error: Failed to transmit: Network is down [Error Code 100]
2026-08-27 18:11:00,475 [ERROR] worker loop error: Failed to transmit: Network is down [Error Code 100]
2026-08-27 18:11:00,481 [ERROR] worker loop error: Failed to transmit: Network is down [Error Code 100]
2026-08-27 18:11:00,487 [ERROR] worker loop error: Failed to transmit: Network is down [Error Code 100]
2026-08-27 18:11:00,493 [ERROR] worker loop error: Failed to transmit: Network is down [Error Code 100]
2026-08-27 18:11:00,499 [ERROR] worker loop error: Failed to transmit: Network is down [Error Code 100]
2026-08-27 18:11:00,506 [ERROR] worker loop error: Failed to transmit: Network is down [Error Code 100]
2026-08-27 18:11:00,512 [ERROR] worker loop error: Failed to transmit: Network is down [Error Code 100]
2026-08-27 18:11:00,518 [ERROR] worker loop error: Failed to transmit: Network is down [Error Code 100]
2026-08-27 18:11:00,525 [ERROR] worker loop error: Failed to transmit: Network is down [Error Code 100]
2026-08-27 18:11:00,531 [ERROR] worker loop error: Failed to transmit: Network is down [Error Code 100]
2026-08-27 18:11:00,538 [ERROR] worker loop error: Failed to transmit: Network is down [Error Code 100]
2026-08-27 18:11:00,544 [ERROR] worker loop error: Failed to transmit: Network is down [Error Code 100]
2026-08-27 18:11:00,551 [ERROR] worker loop error: Failed to transmit: Network is down [Error Code 100]
2026-08-27 18:11:00,557 [ERROR] worker loop error: Failed to transmit: Network is down [Error Code 100]
2026-08-27 18:11:00,564 [ERROR] worker loop error: Failed to transmit: Network is down [Error Code 100]
2026-08-27 18:11:00,570 [ERROR] worker loop error: Failed to transmit: Network is down [Error Code 100]
2026-08-27 18:11:00,576 [ERROR] worker loop error: Failed to transmit: Network is down [Error Code 100]
2026-08-27 18:11:00,582 [ERROR] worker loop error: Failed to transmit: Network is down [Error Code 100]
2026-08-27 18:11:00,588 [ERROR] worker loop error: Failed to transmit: Network is down [Error Code 100]
2026-08-27 18:11:00,595 [ERROR] worker loop error: Failed to transmit: Network is down [Error Code 100]
2026-08-27 18:11:00,601 [ERROR] worker loop error: Failed to transmit: Network is down [Error Code 100]
2026-08-27 18:11:00,607 [ERROR] worker loop error: Failed to transmit: Network is down [Error Code 100]
2026-08-27 18:11:00,613 [ERROR] worker loop error: Failed to transmit: Network is down [Error Code 100]
2026-08-27 18:11:00,620 [ERROR] worker loop error: Failed to transmit: Network is down [Error Code 100]
2026-08-27 18:11:00,626 [ERROR] worker loop error: Failed to transmit: Network is down [Error Code 100]
2026-08-27 18:11:00,632 [ERROR] worker loop error: Failed to transmit: Network is down [Error Code 100]
2026-08-27 18:11:00,638 [ERROR] worker loop error: Failed to transmit: Network is down [Error Code 100]
2026-08-27 18:11:00,645 [ERROR] worker loop error: Failed to transmit: Network is down [Error Code 100]
2026-08-27 18:11:00,651 [ERROR] worker loop error: Failed to transmit: Network is down [Error Code 100]
2026-08-27 18:11:00,659 [ERROR] worker loop error: Failed to transmit: Network is down [Error Code 100]
2026-08-27 18:11:00,666 [ERROR] worker loop error: Failed to transmit: Network is down [Error Code 100]
2026-08-27 18:11:00,672 [ERROR] worker loop error: Failed to transmit: Network is down [Error Code 100]
2026-08-27 18:11:00,679 [ERROR] worker loop error: Failed to transmit: Network is down [Error Code 100]
2026-08-27 18:11:00,685 [ERROR] worker loop error: Failed to transmit: Network is down [Error Code 100]
2026-08-27 18:11:00,691 [ERROR] worker loop error: Failed to transmit: Network is down [Error Code 100]
2026-08-27 18:11:00,698 [ERROR] worker loop error: Failed to transmit: Network is down [Error Code 100]
2026-08-27 18:11:00,704 [ERROR] worker loop error: Failed to transmit: Network is down [Error Code 100]
2026-08-27 18:11:00,711 [ERROR] worker loop error: Failed to transmit: Network is down [Error Code 100]
2026-08-27 18:11:00,717 [ERROR] worker loop error: Failed to transmit: Network is down [Error Code 100]
2026-08-27 18:11:00,724 [ERROR] worker loop error: Failed to transmit: Network is down [Error Code 100]
2026-08-27 18:11:00,730 [ERROR] worker loop error: Failed to transmit: Network is down [Error Code 100]
2026-08-27 18:11:00,737 [ERROR] worker loop error: Failed to transmit: Network is down [Error Code 100]
2026-08-27 18:11:00,743 [ERROR] worker loop error: Failed to transmit: Network is down [Error Code 100]
2026-08-27 18:11:00,749 [ERROR] worker loop error: Failed to transmit: Network is down [Error Code 100]
2026-08-27 18:11:00,756 [ERROR] worker loop error: Failed to transmit: Network is down [Error Code 100]
2026-08-27 18:11:00,762 [ERROR] worker loop error: Failed to transmit: Network is down [Error Code 100]
2026-08-27 18:11:00,768 [ERROR] worker loop error: Failed to transmit: Network is down [Error Code 100]
2026-08-27 18:11:00,775 [ERROR] worker loop error: Failed to transmit: Network is down [Error Code 100]
2026-08-27 18:11:00,781 [ERROR] worker loop error: Failed to transmit: Network is down [Error Code 100]
2026-08-27 18:11:00,787 [ERROR] worker loop error: Failed to transmit: Network is down [Error Code 100]
2026-08-27 18:11:00,793 [ERROR] worker loop error: Failed to transmit: Network is down [Error Code 100]
2026-08-27 18:11:00,799 [ERROR] worker loop error: Failed to transmit: Network is down [Error Code 100]
2026-08-27 18:11:00,806 [ERROR] worker loop error: Failed to transmit: Network is down [Error Code 100]
2026-08-27 18:11:00,812 [ERROR] worker loop error: Failed to transmit: Network is down [Error Code 100]
2026-08-27 18:11:00,818 [ERROR] worker loop error: Failed to transmit: Network is down [Error Code 100]
2026-08-27 18:11:00,825 [ERROR] worker loop error: Failed to transmit: Network is down [Error Code 100]
2026-08-27 18:11:00,831 [ERROR] worker loop error: Failed to transmit: Network is down [Error Code 100]
2026-08-27 18:11:00,838 [ERROR] worker loop error: Failed to transmit: Network is down [Error Code 100]
2026-08-27 18:11:00,844 [ERROR] worker loop error: Failed to transmit: Network is down [Error Code 100]
2026-08-27 18:11:00,850 [ERROR] worker loop error: Failed to transmit: Network is down [Error Code 100]
2026-08-27 18:11:00,857 [ERROR] worker loop error: Failed to transmit: Network is down [Error Code 100]
2026-08-27 18:11:00,863 [ERROR] worker loop error: Failed to transmit: Network is down [Error Code 100]
2026-08-27 18:11:00,869 [ERROR] worker loop error: Failed to transmit: Network is down [Error Code 100]
2026-08-27 18:11:00,875 [ERROR] worker loop error: Failed to transmit: Network is down [Error Code 100]
2026-08-27 18:11:00,882 [ERROR] worker loop error: Failed to transmit: Network is down [Error Code 100]
2026-08-27 18:11:00,888 [ERROR] worker loop error: Failed to transmit: Network is down [Error Code 100]
2026-08-27 18:11:00,895 [ERROR] worker loop error: Failed to transmit: Network is down [Error Code 100]
2026-08-27 18:11:00,901 [ERROR] worker loop error: Failed to transmit: Network is down [Error Code 100]
2026-08-27 18:11:00,908 [ERROR] worker loop error: Failed to transmit: Network is down [Error Code 100]
2026-08-27 18:11:00,914 [ERROR] worker loop error: Failed to transmit: Network is down [Error Code 100]
2026-08-27 18:11:00,920 [ERROR] worker loop error: Failed to transmit: Network is down [Error Code 100]
2026-08-27 18:11:00,927 [ERROR] worker loop error: Failed to transmit: Network is down [Error Code 100]
2026-08-27 18:11:00,933 [ERROR] worker loop error: Failed to transmit: Network is down [Error Code 100]
2026-08-27 18:11:00,940 [ERROR] worker loop error: Failed to transmit: Network is down [Error Code 100]
2026-08-27 18:11:00,946 [ERROR] worker loop error: Failed to transmit: Network is down [Error Code 100]
2026-08-27 18:11:00,952 [ERROR] worker loop error: Failed to transmit: Network is down [Error Code 100]
2026-08-27 18:11:00,959 [ERROR] worker loop error: Failed to transmit: Network is down [Error Code 100]
2026-08-27 18:11:00,965 [ERROR] worker loop error: Failed to transmit: Network is down [Error Code 100]
2026-08-27 18:11:00,972 [ERROR] worker loop error: Failed to transmit: Network is down [Error Code 100]
2026-08-27 18:11:00,978 [ERROR] worker loop error: Failed to transmit: Network is down [Error Code 100]
2026-08-27 18:11:00,984 [ERROR] worker loop error: Failed to transmit: Network is down [Error Code 100]
2026-08-27 18:11:00,991 [ERROR] worker loop error: Failed to transmit: Network is down [Error Code 100]
2026-08-27 18:11:00,997 [ERROR] worker loop error: Failed to transmit: Network is down [Error Code 100]
2026-08-27 18:11:01,004 [ERROR] worker loop error: Failed to transmit: Network is down [Error Code 100]
2026-08-27 18:11:01,010 [ERROR] worker loop error: Failed to transmit: Network is down [Error Code 100]
2026-08-27 18:11:01,016 [ERROR] worker loop error: Failed to transmit: Network is down [Error Code 100]
2026-08-27 18:11:01,022 [ERROR] worker loop error: Failed to transmit: Network is down [Error Code 100]
2026-08-27 18:11:01,029 [ERROR] worker loop error: Failed to transmit: Network is down [Error Code 100]
2026-08-27 18:11:01,035 [ERROR] worker loop error: Failed to transmit: Network is down [Error Code 100]
2026-08-27 18:11:01,041 [ERROR] worker loop error: Failed to transmit: Network is down [Error Code 100]
2026-08-27 18:11:01,048 [ERROR] worker loop error: Failed to transmit: Network is down [Error Code 100]
2026-08-27 18:11:01,054 [ERROR] worker loop error: Failed to transmit: Network is down [Error Code 100]
2026-08-27 18:11:01,060 [ERROR] worker loop error: Failed to transmit: Network is down [Error Code 100]
2026-08-27 18:11:01,067 [ERROR] worker loop error: Failed to transmit: Network is down [Error Code 100]
2026-08-27 18:11:01,073 [ERROR] worker loop error: Failed to transmit: Network is down [Error Code 100]
2026-08-27 18:11:01,080 [ERROR] worker loop error: Failed to transmit: Network is down [Error Code 100]
2026-08-27 18:11:01,086 [ERROR] worker loop error: Failed to transmit: Network is down [Error Code 100]
2026-08-27 18:11:01,092 [ERROR] worker loop error: Failed to transmit: Network is down [Error Code 100]
2026-08-27 18:11:01,099 [ERROR] worker loop error: Failed to transmit: Network is down [Error Code 100]
2026-08-27 18:11:01,106 [ERROR] worker loop error: Failed to transmit: Network is down [Error Code 100]
2026-08-27 18:11:01,112 [ERROR] worker loop error: Failed to transmit: Network is down [Error Code 100]
2026-08-27 18:11:01,118 [ERROR] worker loop error: Failed to transmit: Network is down [Error Code 100]
2026-08-27 18:11:01,125 [ERROR] worker loop error: Failed to transmit: Network is down [Error Code 100]
2026-08-27 18:11:01,132 [ERROR] worker loop error: Failed to transmit: Network is down [Error Code 100]
2026-08-27 18:11:01,138 [ERROR] worker loop error: Failed to transmit: Network is down [Error Code 100]
2026-08-27 18:11:01,144 [ERROR] worker loop error: Failed to transmit: Network is down [Error Code 100]
2026-08-27 18:11:01,150 [ERROR] worker loop error: Failed to transmit: Network is down [Error Code 100]
2026-08-27 18:11:01,157 [ERROR] worker loop error: Failed to transmit: Network is down [Error Code 100]
2026-08-27 18:11:01,163 [ERROR] worker loop error: Failed to transmit: Network is down [Error Code 100]
2026-08-27 18:11:01,169 [ERROR] worker loop error: Failed to transmit: Network is down [Error Code 100]
2026-08-27 18:11:01,175 [ERROR] worker loop error: Failed to transmit: Network is down [Error Code 100]
2026-08-27 18:11:01,182 [ERROR] worker loop error: Failed to transmit: Network is down [Error Code 100]
2026-08-27 18:11:01,188 [ERROR] worker loop error: Failed to transmit: Network is down [Error Code 100]
2026-08-27 18:11:01,194 [ERROR] worker loop error: Failed to transmit: Network is down [Error Code 100]
2026-08-27 18:11:01,200 [ERROR] worker loop error: Failed to transmit: Network is down [Error Code 100]
2026-08-27 18:11:01,206 [ERROR] worker loop error: Failed to transmit: Network is down [Error Code 100]
2026-08-27 18:11:01,213 [ERROR] worker loop error: Failed to transmit: Network is down [Error Code 100]
2026-08-27 18:11:01,219 [ERROR] worker loop error: Failed to transmit: Network is down [Error Code 100]
2026-08-27 18:11:01,225 [ERROR] worker loop error: Failed to transmit: Network is down [Error Code 100]
2026-08-27 18:11:01,231 [ERROR] worker loop error: Failed to transmit: Network is down [Error Code 100]
2026-08-27 18:11:01,237 [ERROR] worker loop error: Failed to transmit: Network is down [Error Code 100]
2026-08-27 18:11:01,243 [ERROR] worker loop error: Failed to transmit: Network is down [Error Code 100]
2026-08-27 18:11:01,249 [ERROR] worker loop error: Failed to transmit: Network is down [Error Code 100]
2026-08-27 18:11:01,255 [ERROR] worker loop error: Failed to transmit: Network is down [Error Code 100]
2026-08-27 18:11:01,262 [ERROR] worker loop error: Failed to transmit: Network is down [Error Code 100]
2026-08-27 18:11:01,268 [ERROR] worker loop error: Failed to transmit: Network is down [Error Code 100]
2026-08-27 18:11:01,274 [ERROR] worker loop error: Failed to transmit: Network is down [Error Code 100]
2026-08-27 18:11:01,280 [ERROR] worker loop error: Failed to transmit: Network is down [Error Code 100]
2026-08-27 18:11:01,287 [ERROR] worker loop error: Failed to transmit: Network is down [Error Code 100]
2026-08-27 18:11:01,293 [ERROR] worker loop error: Failed to transmit: Network is down [Error Code 100]
2026-08-27 18:11:01,299 [ERROR] worker loop error: Failed to transmit: Network is down [Error Code 100]
2026-08-27 18:11:01,305 [ERROR] worker loop error: Failed to transmit: Network is down [Error Code 100]
2026-08-27 18:11:01,312 [ERROR] worker loop error: Failed to transmit: Network is down [Error Code 100]
2026-08-27 18:11:01,318 [ERROR] worker loop error: Failed to transmit: Network is down [Error Code 100]
2026-08-27 18:11:01,325 [ERROR] worker loop error: Failed to transmit: Network is down [Error Code 100]
2026-08-27 18:11:01,332 [ERROR] worker loop error: Failed to transmit: Network is down [Error Code 100]
2026-08-27 18:11:01,338 [ERROR] worker loop error: Failed to transmit: Network is down [Error Code 100]
2026-08-27 18:11:01,344 [ERROR] worker loop error: Failed to transmit: Network is down [Error Code 100]
2026-08-27 18:11:01,350 [ERROR] worker loop error: Failed to transmit: Network is down [Error Code 100]
2026-08-27 18:11:01,357 [ERROR] worker loop error: Failed to transmit: Network is down [Error Code 100]
2026-08-27 18:11:01,363 [ERROR] worker loop error: Failed to transmit: Network is down [Error Code 100]
2026-08-27 18:11:01,369 [ERROR] worker loop error: Failed to transmit: Network is down [Error Code 100]
2026-08-27 18:11:01,376 [ERROR] worker loop error: Failed to transmit: Network is down [Error Code 100]
2026-08-27 18:11:01,382 [ERROR] worker loop error: Failed to transmit: Network is down [Error Code 100]
2026-08-27 18:11:01,389 [ERROR] worker loop error: Failed to transmit: Network is down [Error Code 100]
2026-08-27 18:11:01,395 [ERROR] worker loop error: Failed to transmit: Network is down [Error Code 100]
2026-08-27 18:11:01,401 [ERROR] worker loop error: Failed to transmit: Network is down [Error Code 100]
2026-08-27 18:11:01,408 [ERROR] worker loop error: Failed to transmit: Network is down [Error Code 100]
2026-08-27 18:11:01,414 [ERROR] worker loop error: Failed to transmit: Network is down [Error Code 100]
2026-08-27 18:11:01,420 [ERROR] worker loop error: Failed to transmit: Network is down [Error Code 100]
2026-08-27 18:11:01,426 [ERROR] worker loop error: Failed to transmit: Network is down [Error Code 100]
2026-08-27 18:11:01,433 [ERROR] worker loop error: Failed to transmit: Network is down [Error Code 100]
2026-08-27 18:11:01,439 [ERROR] worker loop error: Failed to transmit: Network is down [Error Code 100]
2026-08-27 18:11:01,445 [ERROR] worker loop error: Failed to transmit: Network is down [Error Code 100]
2026-08-27 18:11:01,451 [ERROR] worker loop error: Failed to transmit: Network is down [Error Code 100]
2026-08-27 18:11:01,458 [ERROR] worker loop error: Failed to transmit: Network is down [Error Code 100]
2026-08-27 18:11:01,464 [ERROR] worker loop error: Failed to transmit: Network is down [Error Code 100]
2026-08-27 18:11:01,471 [ERROR] worker loop error: Failed to transmit: Network is down [Error Code 100]
2026-08-27 18:11:01,477 [ERROR] worker loop error: Failed to transmit: Network is down [Error Code 100]
2026-08-27 18:11:01,483 [ERROR] worker loop error: Failed to transmit: Network is down [Error Code 100]
2026-08-27 18:11:01,490 [ERROR] worker loop error: Failed to transmit: Network is down [Error Code 100]
2026-08-27 18:11:01,496 [ERROR] worker loop error: Failed to transmit: Network is down [Error Code 100]
2026-08-27 18:11:01,503 [ERROR] worker loop error: Failed to transmit: Network is down [Error Code 100]
2026-08-27 18:11:01,509 [ERROR] worker loop error: Failed to transmit: Network is down [Error Code 100]
2026-08-27 18:11:01,515 [ERROR] worker loop error: Failed to transmit: Network is down [Error Code 100]
2026-08-27 18:11:01,522 [ERROR] worker loop error: Failed to transmit: Network is down [Error Code 100]
2026-08-27 18:11:01,528 [ERROR] worker loop error: Failed to transmit: Network is down [Error Code 100]
2026-08-27 18:11:01,535 [ERROR] worker loop error: Failed to transmit: Network is down [Error Code 100]
2026-08-27 18:11:01,541 [ERROR] worker loop error: Failed to transmit: Network is down [Error Code 100]
2026-08-27 18:11:01,547 [ERROR] worker loop error: Failed to transmit: Network is down [Error Code 100]
2026-08-27 18:11:01,553 [ERROR] worker loop error: Failed to transmit: Network is down [Error Code 100]
2026-08-27 18:11:01,560 [ERROR] worker loop error: Failed to transmit: Network is down [Error Code 100]
2026-08-27 18:11:01,566 [ERROR] worker loop error: Failed to transmit: Network is down [Error Code 100]
2026-08-27 18:11:01,572 [ERROR] worker loop error: Failed to transmit: Network is down [Error Code 100]
2026-08-27 18:11:01,579 [ERROR] worker loop error: Failed to transmit: Network is down [Error Code 100]
2026-08-27 18:11:01,585 [ERROR] worker loop error: Failed to transmit: Network is down [Error Code 100]
2026-08-27 18:11:01,592 [ERROR] worker loop error: Failed to transmit: Network is down [Error Code 100]
2026-08-27 18:11:01,598 [ERROR] worker loop error: Failed to transmit: Network is down [Error Code 100]
2026-08-27 18:11:01,604 [ERROR] worker loop error: Failed to transmit: Network is down [Error Code 100]
2026-08-27 18:11:01,611 [ERROR] worker loop error: Failed to transmit: Network is down [Error Code 100]
2026-08-27 18:11:01,617 [ERROR] worker loop error: Failed to transmit: Network is down [Error Code 100]
2026-08-27 18:11:01,623 [ERROR] worker loop error: Failed to transmit: Network is down [Error Code 100]
2026-08-27 18:11:01,629 [ERROR] worker loop error: Failed to transmit: Network is down [Error Code 100]
2026-08-27 18:11:01,636 [ERROR] worker loop error: Failed to transmit: Network is down [Error Code 100]
2026-08-27 18:11:01,642 [ERROR] worker loop error: Failed to transmit: Network is down [Error Code 100]
2026-08-27 18:11:01,648 [ERROR] worker loop error: Failed to transmit: Network is down [Error Code 100]
2026-08-27 18:11:01,655 [ERROR] worker loop error: Failed to transmit: Network is down [Error Code 100]
2026-08-27 18:11:01,661 [ERROR] worker loop error: Failed to transmit: Network is down [Error Code 100]
2026-08-27 18:11:01,668 [ERROR] worker loop error: Failed to transmit: Network is down [Error Code 100]
2026-08-27 18:11:01,674 [ERROR] worker loop error: Failed to transmit: Network is down [Error Code 100]
2026-08-27 18:11:01,681 [ERROR] worker loop error: Failed to transmit: Network is down [Error Code 100]
2026-08-27 18:11:01,687 [ERROR] worker loop error: Failed to transmit: Network is down [Error Code 100]
2026-08-27 18:11:01,694 [ERROR] worker loop error: Failed to transmit: Network is down [Error Code 100]
2026-08-27 18:11:01,700 [ERROR] worker loop error: Failed to transmit: Network is down [Error Code 100]
2026-08-27 18:11:01,707 [ERROR] worker loop error: Failed to transmit: Network is down [Error Code 100]
2026-08-27 18:11:01,713 [ERROR] worker loop error: Failed to transmit: Network is down [Error Code 100]
2026-08-27 18:11:01,719 [ERROR] worker loop error: Failed to transmit: Network is down [Error Code 100]
2026-08-27 18:11:01,725 [ERROR] worker loop error: Failed to transmit: Network is down [Error Code 100]
2026-08-27 18:11:01,732 [ERROR] worker loop error: Failed to transmit: Network is down [Error Code 100]
2026-08-27 18:11:01,737 [ERROR] worker loop error: Failed to transmit: Network is down [Error Code 100]
2026-08-27 18:11:01,744 [ERROR] worker loop error: Failed to transmit: Network is down [Error Code 100]
2026-08-27 18:11:01,749 [ERROR] worker loop error: Failed to transmit: Network is down [Error Code 100]
2026-08-27 18:11:01,756 [ERROR] worker loop error: Failed to transmit: Network is down [Error Code 100]
2026-08-27 18:11:01,762 [ERROR] worker loop error: Failed to transmit: Network is down [Error Code 100]
2026-08-27 18:11:01,769 [ERROR] worker loop error: Failed to transmit: Network is down [Error Code 100]
2026-08-27 18:11:01,775 [ERROR] worker loop error: Failed to transmit: Network is down [Error Code 100]
2026-08-27 18:11:01,782 [ERROR] worker loop error: Failed to transmit: Network is down [Error Code 100]
2026-08-27 18:11:01,788 [ERROR] worker loop error: Failed to transmit: Network is down [Error Code 100]
2026-08-27 18:11:01,795 [ERROR] worker loop error: Failed to transmit: Network is down [Error Code 100]
2026-08-27 18:11:01,801 [ERROR] worker loop error: Failed to transmit: Network is down [Error Code 100]
2026-08-27 18:11:01,808 [ERROR] worker loop error: Failed to transmit: Network is down [Error Code 100]
2026-08-27 18:11:01,814 [ERROR] worker loop error: Failed to transmit: Network is down [Error Code 100]
2026-08-27 18:11:01,821 [ERROR] worker loop error: Failed to transmit: Network is down [Error Code 100]
2026-08-27 18:11:01,828 [ERROR] worker loop error: Failed to transmit: Network is down [Error Code 100]
2026-08-27 18:11:01,834 [ERROR] worker loop error: Failed to transmit: Network is down [Error Code 100]
2026-08-27 18:11:01,840 [ERROR] worker loop error: Failed to transmit: Network is down [Error Code 100]
2026-08-27 18:11:01,847 [ERROR] worker loop error: Failed to transmit: Network is down [Error Code 100]
2026-08-27 18:11:01,854 [ERROR] worker loop error: Failed to transmit: Network is down [Error Code 100]
2026-08-27 18:11:01,860 [ERROR] worker loop error: Failed to transmit: Network is down [Error Code 100]
2026-08-27 18:11:01,867 [ERROR] worker loop error: Failed to transmit: Network is down [Error Code 100]
2026-08-27 18:11:01,873 [ERROR] worker loop error: Failed to transmit: Network is down [Error Code 100]
2026-08-27 18:11:01,879 [ERROR] worker loop error: Failed to transmit: Network is down [Error Code 100]
2026-08-27 18:11:01,885 [ERROR] worker loop error: Failed to transmit: Network is down [Error Code 100]
2026-08-27 18:11:01,892 [ERROR] worker loop error: Failed to transmit: Network is down [Error Code 100]
2026-08-27 18:11:01,898 [ERROR] worker loop error: Failed to transmit: Network is down [Error Code 100]
2026-08-27 18:11:01,904 [ERROR] worker loop error: Failed to transmit: Network is down [Error Code 100]
2026-08-27 18:11:01,910 [ERROR] worker loop error: Failed to transmit: Network is down [Error Code 100]
2026-08-27 18:11:01,917 [ERROR] worker loop error: Failed to transmit: Network is down [Error Code 100]
2026-08-27 18:11:01,923 [ERROR] worker loop error: Failed to transmit: Network is down [Error Code 100]
2026-08-27 18:11:01,930 [ERROR] worker loop error: Failed to transmit: Network is down [Error Code 100]
2026-08-27 18:11:01,936 [ERROR] worker loop error: Failed to transmit: Network is down [Error Code 100]
2026-08-27 18:11:01,943 [ERROR] worker loop error: Failed to transmit: Network is down [Error Code 100]
2026-08-27 18:11:01,949 [ERROR] worker loop error: Failed to transmit: Network is down [Error Code 100]
2026-08-27 18:11:01,956 [ERROR] worker loop error: Failed to transmit: Network is down [Error Code 100]
2026-08-27 18:11:01,962 [ERROR] worker loop error: Failed to transmit: Network is down [Error Code 100]
2026-08-27 18:11:01,968 [ERROR] worker loop error: Failed to transmit: Network is down [Error Code 100]
2026-08-27 18:11:01,974 [ERROR] worker loop error: Failed to transmit: Network is down [Error Code 100]
2026-08-27 18:11:01,981 [ERROR] worker loop error: Failed to transmit: Network is down [Error Code 100]
2026-08-27 18:11:01,987 [ERROR] worker loop error: Failed to transmit: Network is down [Error Code 100]
2026-08-27 18:11:01,994 [ERROR] worker loop error: Failed to transmit: Network is down [Error Code 100]
2026-08-27 18:11:02,000 [ERROR] worker loop error: Failed to transmit: Network is down [Error Code 100]
2026-08-27 18:11:02,006 [ERROR] worker loop error: Failed to transmit: Network is down [Error Code 100]
2026-08-27 18:11:02,013 [ERROR] worker loop error: Failed to transmit: Network is down [Error Code 100]
2026-08-27 18:11:02,020 [ERROR] worker loop error: Failed to transmit: Network is down [Error Code 100]
2026-08-27 18:11:02,026 [ERROR] worker loop error: Failed to transmit: Network is down [Error Code 100]
2026-08-27 18:11:02,033 [ERROR] worker loop error: Failed to transmit: Network is down [Error Code 100]
2026-08-27 18:11:02,039 [ERROR] worker loop error: Failed to transmit: Network is down [Error Code 100]
2026-08-27 18:11:02,045 [ERROR] worker loop error: Failed to transmit: Network is down [Error Code 100]
2026-08-27 18:11:02,052 [ERROR] worker loop error: Failed to transmit: Network is down [Error Code 100]
2026-08-27 18:11:02,058 [ERROR] worker loop error: Failed to transmit: Network is down [Error Code 100]
2026-08-27 18:11:02,064 [ERROR] worker loop error: Failed to transmit: Network is down [Error Code 100]
2026-08-27 18:11:02,071 [ERROR] worker loop error: Failed to transmit: Network is down [Error Code 100]
2026-08-27 18:11:02,077 [ERROR] worker loop error: Failed to transmit: Network is down [Error Code 100]
2026-08-27 18:11:02,084 [ERROR] worker loop error: Failed to transmit: Network is down [Error Code 100]
2026-08-27 18:11:02,090 [ERROR] worker loop error: Failed to transmit: Network is down [Error Code 100]
2026-08-27 18:11:02,097 [ERROR] worker loop error: Failed to transmit: Network is down [Error Code 100]
2026-08-27 18:11:02,103 [ERROR] worker loop error: Failed to transmit: Network is down [Error Code 100]
2026-08-27 18:11:02,109 [ERROR] worker loop error: Failed to transmit: Network is down [Error Code 100]
2026-08-27 18:11:02,116 [ERROR] worker loop error: Failed to transmit: Network is down [Error Code 100]
2026-08-27 18:11:02,122 [ERROR] worker loop error: Failed to transmit: Network is down [Error Code 100]
2026-08-27 18:11:02,129 [ERROR] worker loop error: Failed to transmit: Network is down [Error Code 100]
2026-08-27 18:11:02,135 [ERROR] worker loop error: Failed to transmit: Network is down [Error Code 100]
2026-08-27 18:11:02,141 [ERROR] worker loop error: Failed to transmit: Network is down [Error Code 100]
2026-08-27 18:11:02,147 [ERROR] worker loop error: Failed to transmit: Network is down [Error Code 100]
2026-08-27 18:11:02,153 [ERROR] worker loop error: Failed to transmit: Network is down [Error Code 100]
2026-08-27 18:11:02,160 [ERROR] worker loop error: Failed to transmit: Network is down [Error Code 100]
2026-08-27 18:11:02,166 [ERROR] worker loop error: Failed to transmit: Network is down [Error Code 100]
2026-08-27 18:11:02,172 [ERROR] worker loop error: Failed to transmit: Network is down [Error Code 100]
2026-08-27 18:11:02,178 [ERROR] worker loop error: Failed to transmit: Network is down [Error Code 100]
2026-08-27 18:11:02,184 [ERROR] worker loop error: Failed to transmit: Network is down [Error Code 100]
2026-08-27 18:11:02,191 [ERROR] worker loop error: Failed to transmit: Network is down [Error Code 100]
2026-08-27 18:11:02,197 [ERROR] worker loop error: Failed to transmit: Network is down [Error Code 100]
2026-08-27 18:11:02,203 [ERROR] worker loop error: Failed to transmit: Network is down [Error Code 100]
2026-08-27 18:11:02,210 [ERROR] worker loop error: Failed to transmit: Network is down [Error Code 100]
2026-08-27 18:11:02,216 [ERROR] worker loop error: Failed to transmit: Network is down [Error Code 100]
2026-08-27 18:11:02,222 [ERROR] worker loop error: Failed to transmit: Network is down [Error Code 100]
2026-08-27 18:11:02,229 [ERROR] worker loop error: Failed to transmit: Network is down [Error Code 100]
2026-08-27 18:11:02,235 [ERROR] worker loop error: Failed to transmit: Network is down [Error Code 100]
2026-08-27 18:11:02,241 [ERROR] worker loop error: Failed to transmit: Network is down [Error Code 100]
2026-08-27 18:11:02,248 [ERROR] worker loop error: Failed to transmit: Network is down [Error Code 100]
2026-08-27 18:11:02,254 [ERROR] worker loop error: Failed to transmit: Network is down [Error Code 100]
2026-08-27 18:11:02,260 [ERROR] worker loop error: Failed to transmit: Network is down [Error Code 100]
2026-08-27 18:11:02,266 [ERROR] worker loop error: Failed to transmit: Network is down [Error Code 100]
2026-08-27 18:11:02,273 [ERROR] worker loop error: Failed to transmit: Network is down [Error Code 100]
2026-08-27 18:11:02,279 [ERROR] worker loop error: Failed to transmit: Network is down [Error Code 100]
2026-08-27 18:11:02,285 [ERROR] worker loop error: Failed to transmit: Network is down [Error Code 100]
2026-08-27 18:11:02,291 [ERROR] worker loop error: Failed to transmit: Network is down [Error Code 100]
2026-08-27 18:11:02,298 [ERROR] worker loop error: Failed to transmit: Network is down [Error Code 100]
2026-08-27 18:11:02,304 [ERROR] worker loop error: Failed to transmit: Network is down [Error Code 100]
2026-08-27 18:11:02,310 [ERROR] worker loop error: Failed to transmit: Network is down [Error Code 100]
2026-08-27 18:11:02,316 [ERROR] worker loop error: Failed to transmit: Network is down [Error Code 100]
2026-08-27 18:11:02,323 [ERROR] worker loop error: Failed to transmit: Network is down [Error Code 100]
2026-08-27 18:11:02,329 [ERROR] worker loop error: Failed to transmit: Network is down [Error Code 100]
2026-08-27 18:11:02,336 [ERROR] worker loop error: Failed to transmit: Network is down [Error Code 100]
2026-08-27 18:11:02,342 [ERROR] worker loop error: Failed to transmit: Network is down [Error Code 100]
2026-08-27 18:11:02,348 [ERROR] worker loop error: Failed to transmit: Network is down [Error Code 100]
2026-08-27 18:11:02,354 [ERROR] worker loop error: Failed to transmit: Network is down [Error Code 100]
2026-08-27 18:11:02,361 [ERROR] worker loop error: Failed to transmit: Network is down [Error Code 100]
2026-08-27 18:11:02,367 [ERROR] worker loop error: Failed to transmit: Network is down [Error Code 100]
2026-08-27 18:11:02,373 [ERROR] worker loop error: Failed to transmit: Network is down [Error Code 100]
2026-08-27 18:11:02,379 [ERROR] worker loop error: Failed to transmit: Network is down [Error Code 100]
2026-08-27 18:11:02,386 [ERROR] worker loop error: Failed to transmit: Network is down [Error Code 100]
2026-08-27 18:11:02,392 [ERROR] worker loop error: Failed to transmit: Network is down [Error Code 100]
2026-08-27 18:11:02,398 [ERROR] worker loop error: Failed to transmit: Network is down [Error Code 100]
2026-08-27 18:11:02,404 [ERROR] worker loop error: Failed to transmit: Network is down [Error Code 100]
2026-08-27 18:11:02,411 [ERROR] worker loop error: Failed to transmit: Network is down [Error Code 100]
2026-08-27 18:11:02,417 [ERROR] worker loop error: Failed to transmit: Network is down [Error Code 100]
2026-08-27 18:11:02,423 [ERROR] worker loop error: Failed to transmit: Network is down [Error Code 100]
2026-08-27 18:11:02,429 [ERROR] worker loop error: Failed to transmit: Network is down [Error Code 100]
2026-08-27 18:11:02,435 [ERROR] worker loop error: Failed to transmit: Network is down [Error Code 100]
2026-08-27 18:11:02,441 [ERROR] worker loop error: Failed to transmit: Network is down [Error Code 100]
2026-08-27 18:11:02,447 [ERROR] worker loop error: Failed to transmit: Network is down [Error Code 100]
2026-08-27 18:11:02,453 [ERROR] worker loop error: Failed to transmit: Network is down [Error Code 100]
2026-08-27 18:11:02,459 [ERROR] worker loop error: Failed to transmit: Network is down [Error Code 100]
2026-08-27 18:11:02,466 [ERROR] worker loop error: Failed to transmit: Network is down [Error Code 100]
2026-08-27 18:11:02,472 [ERROR] worker loop error: Failed to transmit: Network is down [Error Code 100]
2026-08-27 18:11:02,478 [ERROR] worker loop error: Failed to transmit: Network is down [Error Code 100]
2026-08-27 18:11:02,484 [ERROR] worker loop error: Failed to transmit: Network is down [Error Code 100]
2026-08-27 18:11:02,490 [ERROR] worker loop error: Failed to transmit: Network is down [Error Code 100]
2026-08-27 18:11:02,496 [ERROR] worker loop error: Failed to transmit: Network is down [Error Code 100]
2026-08-27 18:11:02,502 [ERROR] worker loop error: Failed to transmit: Network is down [Error Code 100]
2026-08-27 18:11:02,509 [ERROR] worker loop error: Failed to transmit: Network is down [Error Code 100]
2026-08-27 18:11:02,515 [ERROR] worker loop error: Failed to transmit: Network is down [Error Code 100]
2026-08-27 18:11:02,522 [ERROR] worker loop error: Failed to transmit: Network is down [Error Code 100]
2026-08-27 18:11:02,529 [ERROR] worker loop error: Failed to transmit: Network is down [Error Code 100]
2026-08-27 18:11:02,535 [ERROR] worker loop error: Failed to transmit: Network is down [Error Code 100]
2026-08-27 18:11:02,541 [ERROR] worker loop error: Failed to transmit: Network is down [Error Code 100]
2026-08-27 18:11:02,547 [ERROR] worker loop error: Failed to transmit: Network is down [Error Code 100]
2026-08-27 18:11:02,553 [ERROR] worker loop error: Failed to transmit: Network is down [Error Code 100]
2026-08-27 18:11:02,559 [ERROR] worker loop error: Failed to transmit: Network is down [Error Code 100]
2026-08-27 18:11:02,566 [ERROR] worker loop error: Failed to transmit: Network is down [Error Code 100]
2026-08-27 18:11:02,572 [ERROR] worker loop error: Failed to transmit: Network is down [Error Code 100]
2026-08-27 18:11:02,578 [ERROR] worker loop error: Failed to transmit: Network is down [Error Code 100]
2026-08-27 18:11:02,585 [ERROR] worker loop error: Failed to transmit: Network is down [Error Code 100]
2026-08-27 18:11:02,591 [ERROR] worker loop error: Failed to transmit: Network is down [Error Code 100]
2026-08-27 18:11:02,597 [ERROR] worker loop error: Failed to transmit: Network is down [Error Code 100]
2026-08-27 18:11:02,604 [ERROR] worker loop error: Failed to transmit: Network is down [Error Code 100]
2026-08-27 18:11:02,611 [ERROR] worker loop error: Failed to transmit: Network is down [Error Code 100]
2026-08-27 18:11:02,617 [ERROR] worker loop error: Failed to transmit: Network is down [Error Code 100]
2026-08-27 18:11:02,623 [ERROR] worker loop error: Failed to transmit: Network is down [Error Code 100]
2026-08-27 18:11:02,629 [ERROR] worker loop error: Failed to transmit: Network is down [Error Code 100]
2026-08-27 18:11:02,635 [ERROR] worker loop error: Failed to transmit: Network is down [Error Code 100]
2026-08-27 18:11:02,642 [ERROR] worker loop error: Failed to transmit: Network is down [Error Code 100]
2026-08-27 18:11:02,648 [ERROR] worker loop error: Failed to transmit: Network is down [Error Code 100]
2026-08-27 18:11:02,654 [ERROR] worker loop error: Failed to transmit: Network is down [Error Code 100]
2026-08-27 18:11:02,660 [ERROR] worker loop error: Failed to transmit: Network is down [Error Code 100]
2026-08-27 18:11:02,667 [ERROR] worker loop error: Failed to transmit: Network is down [Error Code 100]
2026-08-27 18:11:02,673 [ERROR] worker loop error: Failed to transmit: Network is down [Error Code 100]
2026-08-27 18:11:02,679 [ERROR] worker loop error: Failed to transmit: Network is down [Error Code 100]
2026-08-27 18:11:02,685 [ERROR] worker loop error: Failed to transmit: Network is down [Error Code 100]
2026-08-27 18:11:02,692 [ERROR] worker loop error: Failed to transmit: Network is down [Error Code 100]
2026-08-27 18:11:02,698 [ERROR] worker loop error: Failed to transmit: Network is down [Error Code 100]
2026-08-27 18:11:02,704 [ERROR] worker loop error: Failed to transmit: Network is down [Error Code 100]
2026-08-27 18:11:02,710 [ERROR] worker loop error: Failed to transmit: Network is down [Error Code 100]
2026-08-27 18:11:02,716 [ERROR] worker loop error: Failed to transmit: Network is down [Error Code 100]
2026-08-27 18:11:02,722 [ERROR] worker loop error: Failed to transmit: Network is down [Error Code 100]
2026-08-27 18:11:02,729 [ERROR] worker loop error: Failed to transmit: Network is down [Error Code 100]
2026-08-27 18:11:02,735 [ERROR] worker loop error: Failed to transmit: Network is down [Error Code 100]
2026-08-27 18:11:02,741 [ERROR] worker loop error: Failed to transmit: Network is down [Error Code 100]
2026-08-27 18:11:02,747 [ERROR] worker loop error: Failed to transmit: Network is down [Error Code 100]
2026-08-27 18:11:02,754 [ERROR] worker loop error: Failed to transmit: Network is down [Error Code 100]
2026-08-27 18:11:02,760 [ERROR] worker loop error: Failed to transmit: Network is down [Error Code 100]
2026-08-27 18:11:02,766 [ERROR] worker loop error: Failed to transmit: Network is down [Error Code 100]
2026-08-27 18:11:02,772 [ERROR] worker loop error: Failed to transmit: Network is down [Error Code 100]
2026-08-27 18:11:02,778 [ERROR] worker loop error: Failed to transmit: Network is down [Error Code 100]
2026-08-27 18:11:02,784 [ERROR] worker loop error: Failed to transmit: Network is down [Error Code 100]
2026-08-27 18:11:02,790 [ERROR] worker loop error: Failed to transmit: Network is down [Error Code 100]
2026-08-27 18:11:02,797 [ERROR] worker loop error: Failed to transmit: Network is down [Error Code 100]
2026-08-27 18:11:02,803 [ERROR] worker loop error: Failed to transmit: Network is down [Error Code 100]
2026-08-27 18:11:02,808 [ERROR] worker loop error: Failed to transmit: Network is down [Error Code 100]
2026-08-27 18:11:02,814 [ERROR] worker loop error: Failed to transmit: Network is down [Error Code 100]
2026-08-27 18:11:02,821 [ERROR] worker loop error: Failed to transmit: Network is down [Error Code 100]
2026-08-27 18:11:02,827 [ERROR] worker loop error: Failed to transmit: Network is down [Error Code 100]
2026-08-27 18:11:02,834 [ERROR] worker loop error: Failed to transmit: Network is down [Error Code 100]
2026-08-27 18:11:02,839 [ERROR] worker loop error: Failed to transmit: Network is down [Error Code 100]
2026-08-27 18:11:02,846 [ERROR] worker loop error: Failed to transmit: Network is down [Error Code 100]
2026-08-27 18:11:02,852 [ERROR] worker loop error: Failed to transmit: Network is down [Error Code 100]
2026-08-27 18:11:02,858 [ERROR] worker loop error: Failed to transmit: Network is down [Error Code 100]
2026-08-27 18:11:02,864 [ERROR] worker loop error: Failed to transmit: Network is down [Error Code 100]
2026-08-27 18:11:02,871 [ERROR] worker loop error: Failed to transmit: Network is down [Error Code 100]
2026-08-27 18:11:02,877 [ERROR] worker loop error: Failed to transmit: Network is down [Error Code 100]
2026-08-27 18:11:02,884 [ERROR] worker loop error: Failed to transmit: Network is down [Error Code 100]
2026-08-27 18:11:02,890 [ERROR] worker loop error: Failed to transmit: Network is down [Error Code 100]
2026-08-27 18:11:02,896 [ERROR] worker loop error: Failed to transmit: Network is down [Error Code 100]
2026-08-27 18:11:02,902 [ERROR] worker loop error: Failed to transmit: Network is down [Error Code 100]
2026-08-27 18:11:02,908 [ERROR] worker loop error: Failed to transmit: Network is down [Error Code 100]
2026-08-27 18:11:02,914 [ERROR] worker loop error: Failed to transmit: Network is down [Error Code 100]
2026-08-27 18:11:02,920 [ERROR] worker loop error: Failed to transmit: Network is down [Error Code 100]
2026-08-27 18:11:02,927 [ERROR] worker loop error: Failed to transmit: Network is down [Error Code 100]
2026-08-27 18:11:02,934 [ERROR] worker loop error: Failed to transmit: Network is down [Error Code 100]
2026-08-27 18:11:02,940 [ERROR] worker loop error: Failed to transmit: Network is down [Error Code 100]
2026-08-27 18:11:02,946 [ERROR] worker loop error: Failed to transmit: Network is down [Error Code 100]
2026-08-27 18:11:02,952 [ERROR] worker loop error: Failed to transmit: Network is down [Error Code 100]
2026-08-27 18:11:02,958 [ERROR] worker loop error: Failed to transmit: Network is down [Error Code 100]
2026-08-27 18:11:02,964 [ERROR] worker loop error: Failed to transmit: Network is down [Error Code 100]
2026-08-27 18:11:02,971 [ERROR] worker loop error: Failed to transmit: Network is down [Error Code 100]
2026-08-27 18:11:02,979 [ERROR] worker loop error: Failed to transmit: Network is down [Error Code 100]
2026-08-27 18:11:02,986 [ERROR] worker loop error: Failed to transmit: Network is down [Error Code 100]
2026-08-27 18:11:02,992 [ERROR] worker loop error: Failed to transmit: Network is down [Error Code 100]
2026-08-27 18:11:02,999 [ERROR] worker loop error: Failed to transmit: Network is down [Error Code 100]
2026-08-27 18:11:03,005 [ERROR] worker loop error: Failed to transmit: Network is down [Error Code 100]
2026-08-27 18:11:03,011 [ERROR] worker loop error: Failed to transmit: Network is down [Error Code 100]
2026-08-27 18:11:03,017 [ERROR] worker loop error: Failed to transmit: Network is down [Error Code 100]
2026-08-27 18:11:03,023 [ERROR] worker loop error: Failed to transmit: Network is down [Error Code 100]
2026-08-27 18:11:03,029 [ERROR] worker loop error: Failed to transmit: Network is down [Error Code 100]
2026-08-27 18:11:03,035 [ERROR] worker loop error: Failed to transmit: Network is down [Error Code 100]
2026-08-27 18:11:03,041 [ERROR] worker loop error: Failed to transmit: Network is down [Error Code 100]
2026-08-27 18:11:03,047 [ERROR] worker loop error: Failed to transmit: Network is down [Error Code 100]
2026-08-27 18:11:03,053 [ERROR] worker loop error: Failed to transmit: Network is down [Error Code 100]
2026-08-27 18:11:03,060 [ERROR] worker loop error: Failed to transmit: Network is down [Error Code 100]
2026-08-27 18:11:03,067 [ERROR] worker loop error: Failed to transmit: Network is down [Error Code 100]
2026-08-27 18:11:03,073 [ERROR] worker loop error: Failed to transmit: Network is down [Error Code 100]
2026-08-27 18:11:03,079 [ERROR] worker loop error: Failed to transmit: Network is down [Error Code 100]
2026-08-27 18:11:03,086 [ERROR] worker loop error: Failed to transmit: Network is down [Error Code 100]
2026-08-27 18:11:03,092 [ERROR] worker loop error: Failed to transmit: Network is down [Error Code 100]
2026-08-27 18:11:03,098 [ERROR] worker loop error: Failed to transmit: Network is down [Error Code 100]
2026-08-27 18:11:03,105 [ERROR] worker loop error: Failed to transmit: Network is down [Error Code 100]
2026-08-27 18:11:03,111 [ERROR] worker loop error: Failed to transmit: Network is down [Error Code 100]
2026-08-27 18:11:03,118 [ERROR] worker loop error: Failed to transmit: Network is down [Error Code 100]
2026-08-27 18:11:03,125 [ERROR] worker loop error: Failed to transmit: Network is down [Error Code 100]
2026-08-27 18:11:03,131 [ERROR] worker loop error: Failed to transmit: Network is down [Error Code 100]
2026-08-27 18:11:03,138 [ERROR] worker loop error: Failed to transmit: Network is down [Error Code 100]
2026-08-27 18:11:03,144 [ERROR] worker loop error: Failed to transmit: Network is down [Error Code 100]
2026-08-27 18:11:03,150 [ERROR] worker loop error: Failed to transmit: Network is down [Error Code 100]
2026-08-27 18:11:03,157 [ERROR] worker loop error: Failed to transmit: Network is down [Error Code 100]
2026-08-27 18:11:03,163 [ERROR] worker loop error: Failed to transmit: Network is down [Error Code 100]
2026-08-27 18:11:03,170 [ERROR] worker loop error: Failed to transmit: Network is down [Error Code 100]
2026-08-27 18:11:03,177 [ERROR] worker loop error: Failed to transmit: Network is down [Error Code 100]
2026-08-27 18:11:03,183 [ERROR] worker loop error: Failed to transmit: Network is down [Error Code 100]
2026-08-27 18:11:03,189 [ERROR] worker loop error: Failed to transmit: Network is down [Error Code 100]
2026-08-27 18:11:03,196 [ERROR] worker loop error: Failed to transmit: Network is down [Error Code 100]
2026-08-27 18:11:03,202 [ERROR] worker loop error: Failed to transmit: Network is down [Error Code 100]
2026-08-27 18:11:03,208 [ERROR] worker loop error: Failed to transmit: Network is down [Error Code 100]
2026-08-27 18:11:03,214 [ERROR] worker loop error: Failed to transmit: Network is down [Error Code 100]
2026-08-27 18:11:03,220 [ERROR] worker loop error: Failed to transmit: Network is down [Error Code 100]
2026-08-27 18:11:03,226 [ERROR] worker loop error: Failed to transmit: Network is down [Error Code 100]
2026-08-27 18:11:03,233 [ERROR] worker loop error: Failed to transmit: Network is down [Error Code 100]
2026-08-27 18:11:03,239 [ERROR] worker loop error: Failed to transmit: Network is down [Error Code 100]
2026-08-27 18:11:03,245 [ERROR] worker loop error: Failed to transmit: Network is down [Error Code 100]
2026-08-27 18:11:03,251 [ERROR] worker loop error: Failed to transmit: Network is down [Error Code 100]
2026-08-27 18:11:03,257 [ERROR] worker loop error: Failed to transmit: Network is down [Error Code 100]
2026-08-27 18:11:03,263 [ERROR] worker loop error: Failed to transmit: Network is down [Error Code 100]
2026-08-27 18:11:03,269 [ERROR] worker loop error: Failed to transmit: Network is down [Error Code 100]
2026-08-27 18:11:03,275 [ERROR] worker loop error: Failed to transmit: Network is down [Error Code 100]
2026-08-27 18:11:03,281 [ERROR] worker loop error: Failed to transmit: Network is down [Error Code 100]
2026-08-27 18:11:03,288 [ERROR] worker loop error: Failed to transmit: Network is down [Error Code 100]
2026-08-27 18:11:03,294 [ERROR] worker loop error: Failed to transmit: Network is down [Error Code 100]
2026-08-27 18:11:03,300 [ERROR] worker loop error: Failed to transmit: Network is down [Error Code 100]
2026-08-27 18:11:03,306 [ERROR] worker loop error: Failed to transmit: Network is down [Error Code 100]
2026-08-27 18:11:03,313 [ERROR] worker loop error: Failed to transmit: Network is down [Error Code 100]
2026-08-27 18:11:03,319 [ERROR] worker loop error: Failed to transmit: Network is down [Error Code 100]
2026-08-27 18:11:03,325 [ERROR] worker loop error: Failed to transmit: Network is down [Error Code 100]
2026-08-27 18:11:03,332 [ERROR] worker loop error: Failed to transmit: Network is down [Error Code 100]
2026-08-27 18:11:03,338 [ERROR] worker loop error: Failed to transmit: Network is down [Error Code 100]
2026-08-27 18:11:03,345 [ERROR] worker loop error: Failed to transmit: Network is down [Error Code 100]
2026-08-27 18:11:03,351 [ERROR] worker loop error: Failed to transmit: Network is down [Error Code 100]
2026-08-27 18:11:03,357 [ERROR] worker loop error: Failed to transmit: Network is down [Error Code 100]
2026-08-27 18:11:03,363 [ERROR] worker loop error: Failed to transmit: Network is down [Error Code 100]
2026-08-27 18:11:03,369 [ERROR] worker loop error: Failed to transmit: Network is down [Error Code 100]
2026-08-27 18:11:03,376 [ERROR] worker loop error: Failed to transmit: Network is down [Error Code 100]
2026-08-27 18:11:03,382 [ERROR] worker loop error: Failed to transmit: Network is down [Error Code 100]
2026-08-27 18:11:03,388 [ERROR] worker loop error: Failed to transmit: Network is down [Error Code 100]
2026-08-27 18:11:03,394 [ERROR] worker loop error: Failed to transmit: Network is down [Error Code 100]
2026-08-27 18:11:03,400 [ERROR] worker loop error: Failed to transmit: Network is down [Error Code 100]
2026-08-27 18:11:03,407 [ERROR] worker loop error: Failed to transmit: Network is down [Error Code 100]
2026-08-27 18:11:03,413 [ERROR] worker loop error: Failed to transmit: Network is down [Error Code 100]
2026-08-27 18:11:03,419 [ERROR] worker loop error: Failed to transmit: Network is down [Error Code 100]
2026-08-27 18:11:03,425 [ERROR] worker loop error: Failed to transmit: Network is down [Error Code 100]
2026-08-27 18:11:03,432 [ERROR] worker loop error: Failed to transmit: Network is down [Error Code 100]
2026-08-27 18:11:03,438 [ERROR] worker loop error: Failed to transmit: Network is down [Error Code 100]
2026-08-27 18:11:03,445 [ERROR] worker loop error: Failed to transmit: Network is down [Error Code 100]
2026-08-27 18:11:03,452 [ERROR] worker loop error: Failed to transmit: Network is down [Error Code 100]
2026-08-27 18:11:03,458 [ERROR] worker loop error: Failed to transmit: Network is down [Error Code 100]
2026-08-27 18:11:03,465 [ERROR] worker loop error: Failed to transmit: Network is down [Error Code 100]
2026-08-27 18:11:03,471 [ERROR] worker loop error: Failed to transmit: Network is down [Error Code 100]
2026-08-27 18:11:03,477 [ERROR] worker loop error: Failed to transmit: Network is down [Error Code 100]
2026-08-27 18:11:03,484 [ERROR] worker loop error: Failed to transmit: Network is down [Error Code 100]
2026-08-27 18:11:03,490 [ERROR] worker loop error: Failed to transmit: Network is down [Error Code 100]
2026-08-27 18:11:03,496 [ERROR] worker loop error: Failed to transmit: Network is down [Error Code 100]
2026-08-27 18:11:03,503 [ERROR] worker loop error: Failed to transmit: Network is down [Error Code 100]
2026-08-27 18:11:03,509 [ERROR] worker loop error: Failed to transmit: Network is down [Error Code 100]
2026-08-27 18:11:03,516 [ERROR] worker loop error: Failed to transmit: Network is down [Error Code 100]
2026-08-27 18:11:03,522 [ERROR] worker loop error: Failed to transmit: Network is down [Error Code 100]
2026-08-27 18:11:03,529 [ERROR] worker loop error: Failed to transmit: Network is down [Error Code 100]
2026-08-27 18:11:03,535 [ERROR] worker loop error: Failed to transmit: Network is down [Error Code 100]
2026-08-27 18:11:03,541 [ERROR] worker loop error: Failed to transmit: Network is down [Error Code 100]
2026-08-27 18:11:03,547 [ERROR] worker loop error: Failed to transmit: Network is down [Error Code 100]
2026-08-27 18:11:03,553 [ERROR] worker loop error: Failed to transmit: Network is down [Error Code 100]
2026-08-27 18:11:03,560 [ERROR] worker loop error: Failed to transmit: Network is down [Error Code 100]
2026-08-27 18:11:03,566 [ERROR] worker loop error: Failed to transmit: Network is down [Error Code 100]
2026-08-27 18:11:03,572 [ERROR] worker loop error: Failed to transmit: Network is down [Error Code 100]
2026-08-27 18:11:03,578 [ERROR] worker loop error: Failed to transmit: Network is down [Error Code 100]
2026-08-27 18:11:03,585 [ERROR] worker loop error: Failed to transmit: Network is down [Error Code 100]
2026-08-27 18:11:03,591 [ERROR] worker loop error: Failed to transmit: Network is down [Error Code 100]
2026-08-27 18:11:03,597 [ERROR] worker loop error: Failed to transmit: Network is down [Error Code 100]
2026-08-27 18:11:03,603 [ERROR] worker loop error: Failed to transmit: Network is down [Error Code 100]
2026-08-27 18:11:03,610 [ERROR] worker loop error: Failed to transmit: Network is down [Error Code 100]
2026-08-27 18:11:03,616 [ERROR] worker loop error: Failed to transmit: Network is down [Error Code 100]
2026-08-27 18:11:03,623 [ERROR] worker loop error: Failed to transmit: Network is down [Error Code 100]
2026-08-27 18:11:03,629 [ERROR] worker loop error: Failed to transmit: Network is down [Error Code 100]
2026-08-27 18:11:03,635 [ERROR] worker loop error: Failed to transmit: Network is down [Error Code 100]
2026-08-27 18:11:03,641 [ERROR] worker loop error: Failed to transmit: Network is down [Error Code 100]
2026-08-27 18:11:03,648 [ERROR] worker loop error: Failed to transmit: Network is down [Error Code 100]
2026-08-27 18:11:03,654 [ERROR] worker loop error: Failed to transmit: Network is down [Error Code 100]
2026-08-27 18:11:03,661 [ERROR] worker loop error: Failed to transmit: Network is down [Error Code 100]
2026-08-27 18:11:03,667 [ERROR] worker loop error: Failed to transmit: Network is down [Error Code 100]
2026-08-27 18:11:03,673 [ERROR] worker loop error: Failed to transmit: Network is down [Error Code 100]
2026-08-27 18:11:03,680 [ERROR] worker loop error: Failed to transmit: Network is down [Error Code 100]
2026-08-27 18:11:03,686 [ERROR] worker loop error: Failed to transmit: Network is down [Error Code 100]
2026-08-27 18:11:03,692 [ERROR] worker loop error: Failed to transmit: Network is down [Error Code 100]
2026-08-27 18:11:03,698 [ERROR] worker loop error: Failed to transmit: Network is down [Error Code 100]
2026-08-27 18:11:03,704 [ERROR] worker loop error: Failed to transmit: Network is down [Error Code 100]
2026-08-27 18:11:03,710 [ERROR] worker loop error: Failed to transmit: Network is down [Error Code 100]
2026-08-27 18:11:03,716 [ERROR] worker loop error: Failed to transmit: Network is down [Error Code 100]
2026-08-27 18:11:03,722 [ERROR] worker loop error: Failed to transmit: Network is down [Error Code 100]
2026-08-27 18:11:03,729 [ERROR] worker loop error: Failed to transmit: Network is down [Error Code 100]
2026-08-27 18:11:03,735 [ERROR] worker loop error: Failed to transmit: Network is down [Error Code 100]
2026-08-27 18:11:03,742 [ERROR] worker loop error: Failed to transmit: Network is down [Error Code 100]
2026-08-27 18:11:03,748 [ERROR] worker loop error: Failed to transmit: Network is down [Error Code 100]
2026-08-27 18:11:03,755 [ERROR] worker loop error: Failed to transmit: Network is down [Error Code 100]
2026-08-27 18:11:03,761 [ERROR] worker loop error: Failed to transmit: Network is down [Error Code 100]
2026-08-27 18:11:03,767 [ERROR] worker loop error: Failed to transmit: Network is down [Error Code 100]
2026-08-27 18:11:03,774 [ERROR] worker loop error: Failed to transmit: Network is down [Error Code 100]
2026-08-27 18:11:03,780 [ERROR] worker loop error: Failed to transmit: Network is down [Error Code 100]
2026-08-27 18:11:03,787 [ERROR] worker loop error: Failed to transmit: Network is down [Error Code 100]
2026-08-27 18:11:03,793 [ERROR] worker loop error: Failed to transmit: Network is down [Error Code 100]
2026-08-27 18:11:03,799 [ERROR] worker loop error: Failed to transmit: Network is down [Error Code 100]
2026-08-27 18:11:03,806 [ERROR] worker loop error: Failed to transmit: Network is down [Error Code 100]
2026-08-27 18:11:03,812 [ERROR] worker loop error: Failed to transmit: Network is down [Error Code 100]
2026-08-27 18:11:03,819 [ERROR] worker loop error: Failed to transmit: Network is down [Error Code 100]
2026-08-27 18:11:03,825 [ERROR] worker loop error: Failed to transmit: Network is down [Error Code 100]
2026-08-27 18:11:03,832 [ERROR] worker loop error: Failed to transmit: Network is down [Error Code 100]
2026-08-27 18:11:03,839 [ERROR] worker loop error: Failed to transmit: Network is down [Error Code 100]
2026-08-27 18:11:03,845 [ERROR] worker loop error: Failed to transmit: Network is down [Error Code 100]
2026-08-27 18:11:03,851 [ERROR] worker loop error: Failed to transmit: Network is down [Error Code 100]
2026-08-27 18:11:03,858 [ERROR] worker loop error: Failed to transmit: Network is down [Error Code 100]
2026-08-27 18:11:03,864 [ERROR] worker loop error: Failed to transmit: Network is down [Error Code 100]
2026-08-27 18:11:03,871 [ERROR] worker loop error: Failed to transmit: Network is down [Error Code 100]
2026-08-27 18:11:03,877 [ERROR] worker loop error: Failed to transmit: Network is down [Error Code 100]
2026-08-27 18:11:03,883 [ERROR] worker loop error: Failed to transmit: Network is down [Error Code 100]
2026-08-27 18:11:03,890 [ERROR] worker loop error: Failed to transmit: Network is down [Error Code 100]
2026-08-27 18:11:03,896 [ERROR] worker loop error: Failed to transmit: Network is down [Error Code 100]
2026-08-27 18:11:03,903 [ERROR] worker loop error: Failed to transmit: Network is down [Error Code 100]
2026-08-27 18:11:03,909 [ERROR] worker loop error: Failed to transmit: Network is down [Error Code 100]
2026-08-27 18:11:03,916 [ERROR] worker loop error: Failed to transmit: Network is down [Error Code 100]
2026-08-27 18:11:03,922 [ERROR] worker loop error: Failed to transmit: Network is down [Error Code 100]
2026-08-27 18:11:03,928 [ERROR] worker loop error: Failed to transmit: Network is down [Error Code 100]
2026-08-27 18:11:03,934 [ERROR] worker loop error: Failed to transmit: Network is down [Error Code 100]
2026-08-27 18:11:03,941 [ERROR] worker loop error: Failed to transmit: Network is down [Error Code 100]
2026-08-27 18:11:03,947 [ERROR] worker loop error: Failed to transmit: Network is down [Error Code 100]
2026-08-27 18:11:03,953 [ERROR] worker loop error: Failed to transmit: Network is down [Error Code 100]
2026-08-27 18:11:03,960 [ERROR] worker loop error: Failed to transmit: Network is down [Error Code 100]
2026-08-27 18:11:03,966 [ERROR] worker loop error: Failed to transmit: Network is down [Error Code 100]
2026-08-27 18:11:03,972 [ERROR] worker loop error: Failed to transmit: Network is down [Error Code 100]
2026-08-27 18:11:03,979 [ERROR] worker loop error: Failed to transmit: Network is down [Error Code 100]
2026-08-27 18:11:03,985 [ERROR] worker loop error: Failed to transmit: Network is down [Error Code 100]
2026-08-27 18:11:03,991 [ERROR] worker loop error: Failed to transmit: Network is down [Error Code 100]
2026-08-27 18:11:03,997 [ERROR] worker loop error: Failed to transmit: Network is down [Error Code 100]
2026-08-27 18:11:04,004 [ERROR] worker loop error: Failed to transmit: Network is down [Error Code 100]
2026-08-27 18:11:04,010 [ERROR] worker loop error: Failed to transmit: Network is down [Error Code 100]
2026-08-27 18:11:04,016 [ERROR] worker loop error: Failed to transmit: Network is down [Error Code 100]
2026-08-27 18:11:04,023 [ERROR] worker loop error: Failed to transmit: Network is down [Error Code 100]
2026-08-27 18:11:04,030 [ERROR] worker loop error: Failed to transmit: Network is down [Error Code 100]
2026-08-27 18:11:04,036 [ERROR] worker loop error: Failed to transmit: Network is down [Error Code 100]
2026-08-27 18:11:04,042 [ERROR] worker loop error: Failed to transmit: Network is down [Error Code 100]
2026-08-27 18:11:04,049 [ERROR] worker loop error: Failed to transmit: Network is down [Error Code 100]
2026-08-27 18:11:04,056 [ERROR] worker loop error: Failed to transmit: Network is down [Error Code 100]
2026-08-27 18:11:04,062 [ERROR] worker loop error: Failed to transmit: Network is down [Error Code 100]
2026-08-27 18:11:04,068 [ERROR] worker loop error: Failed to transmit: Network is down [Error Code 100]
2026-08-27 18:11:04,074 [ERROR] worker loop error: Failed to transmit: Network is down [Error Code 100]
2026-08-27 18:11:04,080 [ERROR] worker loop error: Failed to transmit: Network is down [Error Code 100]
2026-08-27 18:11:04,087 [ERROR] worker loop error: Failed to transmit: Network is down [Error Code 100]
2026-08-27 18:11:04,093 [ERROR] worker loop error: Failed to transmit: Network is down [Error Code 100]
2026-08-27 18:11:04,099 [ERROR] worker loop error: Failed to transmit: Network is down [Error Code 100]
2026-08-27 18:11:04,106 [ERROR] worker loop error: Failed to transmit: Network is down [Error Code 100]
2026-08-27 18:11:04,112 [ERROR] worker loop error: Failed to transmit: Network is down [Error Code 100]
2026-08-27 18:11:04,119 [ERROR] worker loop error: Failed to transmit: Network is down [Error Code 100]
2026-08-27 18:11:04,125 [ERROR] worker loop error: Failed to transmit: Network is down [Error Code 100]
2026-08-27 18:11:04,131 [ERROR] worker loop error: Failed to transmit: Network is down [Error Code 100]
2026-08-27 18:11:04,137 [ERROR] worker loop error: Failed to transmit: Network is down [Error Code 100]
2026-08-27 18:11:04,143 [ERROR] worker loop error: Failed to transmit: Network is down [Error Code 100]
2026-08-27 18:11:04,150 [ERROR] worker loop error: Failed to transmit: Network is down [Error Code 100]
2026-08-27 18:11:04,156 [ERROR] worker loop error: Failed to transmit: Network is down [Error Code 100]
2026-08-27 18:11:04,162 [ERROR] worker loop error: Failed to transmit: Network is down [Error Code 100]
2026-08-27 18:11:04,168 [ERROR] worker loop error: Failed to transmit: Network is down [Error Code 100]
2026-08-27 18:11:04,174 [ERROR] worker loop error: Failed to transmit: Network is down [Error Code 100]
2026-08-27 18:11:04,181 [ERROR] worker loop error: Failed to transmit: Network is down [Error Code 100]
2026-08-27 18:11:04,187 [ERROR] worker loop error: Failed to transmit: Network is down [Error Code 100]
2026-08-27 18:11:04,193 [ERROR] worker loop error: Failed to transmit: Network is down [Error Code 100]
2026-08-27 18:11:04,199 [ERROR] worker loop error: Failed to transmit: Network is down [Error Code 100]
2026-08-27 18:11:04,206 [ERROR] worker loop error: Failed to transmit: Network is down [Error Code 100]
2026-08-27 18:11:04,212 [ERROR] worker loop error: Failed to transmit: Network is down [Error Code 100]
2026-08-27 18:11:04,218 [ERROR] worker loop error: Failed to transmit: Network is down [Error Code 100]
2026-08-27 18:11:04,224 [ERROR] worker loop error: Failed to transmit: Network is down [Error Code 100]
2026-08-27 18:11:04,230 [ERROR] worker loop error: Failed to transmit: Network is down [Error Code 100]
2026-08-27 18:11:04,237 [ERROR] worker loop error: Failed to transmit: Network is down [Error Code 100]
2026-08-27 18:11:04,243 [ERROR] worker loop error: Failed to transmit: Network is down [Error Code 100]
2026-08-27 18:11:04,249 [ERROR] worker loop error: Failed to transmit: Network is down [Error Code 100]
2026-08-27 18:11:04,256 [ERROR] worker loop error: Failed to transmit: Network is down [Error Code 100]
2026-08-27 18:11:04,262 [ERROR] worker loop error: Failed to transmit: Network is down [Error Code 100]
2026-08-27 18:11:04,268 [ERROR] worker loop error: Failed to transmit: Network is down [Error Code 100]
2026-08-27 18:11:04,274 [ERROR] worker loop error: Failed to transmit: Network is down [Error Code 100]
2026-08-27 18:11:04,281 [ERROR] worker loop error: Failed to transmit: Network is down [Error Code 100]
2026-08-27 18:11:04,287 [ERROR] worker loop error: Failed to transmit: Network is down [Error Code 100]
2026-08-27 18:11:04,293 [ERROR] worker loop error: Failed to transmit: Network is down [Error Code 100]
2026-08-27 18:11:04,299 [ERROR] worker loop error: Failed to transmit: Network is down [Error Code 100]
2026-08-27 18:11:04,305 [ERROR] worker loop error: Failed to transmit: Network is down [Error Code 100]
2026-08-27 18:11:04,312 [ERROR] worker loop error: Failed to transmit: Network is down [Error Code 100]
2026-08-27 18:11:04,318 [ERROR] worker loop error: Failed to transmit: Network is down [Error Code 100]
2026-08-27 18:11:04,324 [ERROR] worker loop error: Failed to transmit: Network is down [Error Code 100]
2026-08-27 18:11:04,331 [ERROR] worker loop error: Failed to transmit: Network is down [Error Code 100]
2026-08-27 18:11:04,337 [ERROR] worker loop error: Failed to transmit: Network is down [Error Code 100]
2026-08-27 18:11:04,344 [ERROR] worker loop error: Failed to transmit: Network is down [Error Code 100]
2026-08-27 18:11:04,350 [ERROR] worker loop error: Failed to transmit: Network is down [Error Code 100]
2026-08-27 18:11:04,356 [ERROR] worker loop error: Failed to transmit: Network is down [Error Code 100]
2026-08-27 18:11:04,363 [ERROR] worker loop error: Failed to transmit: Network is down [Error Code 100]
2026-08-27 18:11:04,369 [ERROR] worker loop error: Failed to transmit: Network is down [Error Code 100]
2026-08-27 18:11:04,376 [ERROR] worker loop error: Failed to transmit: Network is down [Error Code 100]
2026-08-27 18:11:04,382 [ERROR] worker loop error: Failed to transmit: Network is down [Error Code 100]
2026-08-27 18:11:04,388 [ERROR] worker loop error: Failed to transmit: Network is down [Error Code 100]
2026-08-27 18:11:04,394 [ERROR] worker loop error: Failed to transmit: Network is down [Error Code 100]
2026-08-27 18:11:04,400 [ERROR] worker loop error: Failed to transmit: Network is down [Error Code 100]
2026-08-27 18:11:04,407 [ERROR] worker loop error: Failed to transmit: Network is down [Error Code 100]
2026-08-27 18:11:04,413 [ERROR] worker loop error: Failed to transmit: Network is down [Error Code 100]
2026-08-27 18:11:04,419 [ERROR] worker loop error: Failed to transmit: Network is down [Error Code 100]
2026-08-27 18:11:04,426 [ERROR] worker loop error: Failed to transmit: Network is down [Error Code 100]
2026-08-27 18:11:04,432 [ERROR] worker loop error: Failed to transmit: Network is down [Error Code 100]
2026-08-27 18:11:04,439 [ERROR] worker loop error: Failed to transmit: Network is down [Error Code 100]
2026-08-27 18:11:04,446 [ERROR] worker loop error: Failed to transmit: Network is down [Error Code 100]
2026-08-27 18:11:04,452 [ERROR] worker loop error: Failed to transmit: Network is down [Error Code 100]
2026-08-27 18:11:04,459 [ERROR] worker loop error: Failed to transmit: Network is down [Error Code 100]
2026-08-27 18:11:04,465 [ERROR] worker loop error: Failed to transmit: Network is down [Error Code 100]
2026-08-27 18:11:04,472 [ERROR] worker loop error: Failed to transmit: Network is down [Error Code 100]
2026-08-27 18:11:04,478 [ERROR] worker loop error: Failed to transmit: Network is down [Error Code 100]
2026-08-27 18:11:04,485 [ERROR] worker loop error: Failed to transmit: Network is down [Error Code 100]
2026-08-27 18:11:04,491 [ERROR] worker loop error: Failed to transmit: Network is down [Error Code 100]
2026-08-27 18:11:04,498 [ERROR] worker loop error: Failed to transmit: Network is down [Error Code 100]
2026-08-27 18:11:04,504 [ERROR] worker loop error: Failed to transmit: Network is down [Error Code 100]
2026-08-27 18:11:04,511 [ERROR] worker loop error: Failed to transmit: Network is down [Error Code 100]
2026-08-27 18:11:04,517 [ERROR] worker loop error: Failed to transmit: Network is down [Error Code 100]
2026-08-27 18:11:04,524 [ERROR] worker loop error: Failed to transmit: Network is down [Error Code 100]
2026-08-27 18:11:04,530 [ERROR] worker loop error: Failed to transmit: Network is down [Error Code 100]
2026-08-27 18:11:04,536 [ERROR] worker loop error: Failed to transmit: Network is down [Error Code 100]
2026-08-27 18:11:04,543 [ERROR] worker loop error: Failed to transmit: Network is down [Error Code 100]
2026-08-27 18:11:04,550 [ERROR] worker loop error: Failed to transmit: Network is down [Error Code 100]
2026-08-27 18:11:04,556 [ERROR] worker loop error: Failed to transmit: Network is down [Error Code 100]
2026-08-27 18:11:04,562 [ERROR] worker loop error: Failed to transmit: Network is down [Error Code 100]
2026-08-27 18:11:04,569 [ERROR] worker loop error: Failed to transmit: Network is down [Error Code 100]
2026-08-27 18:11:04,575 [ERROR] worker loop error: Failed to transmit: Network is down [Error Code 100]
2026-08-27 18:11:04,582 [ERROR] worker loop error: Failed to transmit: Network is down [Error Code 100]
2026-08-27 18:11:04,588 [ERROR] worker loop error: Failed to transmit: Network is down [Error Code 100]
2026-08-27 18:11:04,595 [ERROR] worker loop error: Failed to transmit: Network is down [Error Code 100]
2026-08-27 18:11:04,601 [ERROR] worker loop error: Failed to transmit: Network is down [Error Code 100]
2026-08-27 18:11:04,608 [ERROR] worker loop error: Failed to transmit: Network is down [Error Code 100]
2026-08-27 18:11:04,614 [ERROR] worker loop error: Failed to transmit: Network is down [Error Code 100]
2026-08-27 18:11:04,621 [ERROR] worker loop error: Failed to transmit: Network is down [Error Code 100]
2026-08-27 18:11:04,627 [ERROR] worker loop error: Failed to transmit: Network is down [Error Code 100]
2026-08-27 18:11:04,634 [ERROR] worker loop error: Failed to transmit: Network is down [Error Code 100]
2026-08-27 18:11:04,640 [ERROR] worker loop error: Failed to transmit: Network is down [Error Code 100]
2026-08-27 18:11:04,647 [ERROR] worker loop error: Failed to transmit: Network is down [Error Code 100]
2026-08-27 18:11:04,653 [ERROR] worker loop error: Failed to transmit: Network is down [Error Code 100]
2026-08-27 18:11:04,659 [ERROR] worker loop error: Failed to transmit: Network is down [Error Code 100]
2026-08-27 18:11:04,666 [ERROR] worker loop error: Failed to transmit: Network is down [Error Code 100]
2026-08-27 18:11:04,673 [ERROR] worker loop error: Failed to transmit: Network is down [Error Code 100]
2026-08-27 18:11:04,679 [ERROR] worker loop error: Failed to transmit: Network is down [Error Code 100]
2026-08-27 18:11:04,685 [ERROR] worker loop error: Failed to transmit: Network is down [Error Code 100]
2026-08-27 18:11:04,692 [ERROR] worker loop error: Failed to transmit: Network is down [Error Code 100]
2026-08-27 18:11:04,698 [ERROR] worker loop error: Failed to transmit: Network is down [Error Code 100]
2026-08-27 18:11:04,704 [ERROR] worker loop error: Failed to transmit: Network is down [Error Code 100]
2026-08-27 18:11:04,711 [ERROR] worker loop error: Failed to transmit: Network is down [Error Code 100]
2026-08-27 18:11:04,717 [ERROR] worker loop error: Failed to transmit: Network is down [Error Code 100]
2026-08-27 18:11:04,724 [ERROR] worker loop error: Failed to transmit: Network is down [Error Code 100]
2026-08-27 18:11:04,730 [ERROR] worker loop error: Failed to transmit: Network is down [Error Code 100]
2026-08-27 18:11:04,736 [ERROR] worker loop error: Failed to transmit: Network is down [Error Code 100]
2026-08-27 18:11:04,742 [ERROR] worker loop error: Failed to transmit: Network is down [Error Code 100]
2026-08-27 18:11:04,749 [ERROR] worker loop error: Failed to transmit: Network is down [Error Code 100]
2026-08-27 18:11:04,755 [ERROR] worker loop error: Failed to transmit: Network is down [Error Code 100]
2026-08-27 18:11:04,761 [ERROR] worker loop error: Failed to transmit: Network is down [Error Code 100]
2026-08-27 18:11:04,768 [ERROR] worker loop error: Failed to transmit: Network is down [Error Code 100]
2026-08-27 18:11:04,774 [ERROR] worker loop error: Failed to transmit: Network is down [Error Code 100]
2026-08-27 18:11:04,781 [ERROR] worker loop error: Failed to transmit: Network is down [Error Code 100]
2026-08-27 18:11:04,788 [ERROR] worker loop error: Failed to transmit: Network is down [Error Code 100]
2026-08-27 18:11:04,794 [ERROR] worker loop error: Failed to transmit: Network is down [Error Code 100]
2026-08-27 18:11:04,800 [ERROR] worker loop error: Failed to transmit: Network is down [Error Code 100]
2026-08-27 18:11:04,806 [ERROR] worker loop error: Failed to transmit: Network is down [Error Code 100]
2026-08-27 18:11:04,813 [ERROR] worker loop error: Failed to transmit: Network is down [Error Code 100]
2026-08-27 18:11:04,819 [ERROR] worker loop error: Failed to transmit: Network is down [Error Code 100]
2026-08-27 18:11:04,826 [ERROR] worker loop error: Failed to transmit: Network is down [Error Code 100]
2026-08-27 18:11:04,833 [ERROR] worker loop error: Failed to transmit: Network is down [Error Code 100]
2026-08-27 18:11:04,839 [ERROR] worker loop error: Failed to transmit: Network is down [Error Code 100]
2026-08-27 18:11:04,845 [ERROR] worker loop error: Failed to transmit: Network is down [Error Code 100]
2026-08-27 18:11:04,852 [ERROR] worker loop error: Failed to transmit: Network is down [Error Code 100]
2026-08-27 18:11:04,858 [ERROR] worker loop error: Failed to transmit: Network is down [Error Code 100]
2026-08-27 18:11:04,864 [ERROR] worker loop error: Failed to transmit: Network is down [Error Code 100]
2026-08-27 18:11:04,871 [ERROR] worker loop error: Failed to transmit: Network is down [Error Code 100]
2026-08-27 18:11:04,877 [ERROR] worker loop error: Failed to transmit: Network is down [Error Code 100]
2026-08-27 18:11:04,884 [ERROR] worker loop error: Failed to transmit: Network is down [Error Code 100]
2026-08-27 18:11:04,890 [ERROR] worker loop error: Failed to transmit: Network is down [Error Code 100]
2026-08-27 18:11:04,897 [ERROR] worker loop error: Failed to transmit: Network is down [Error Code 100]
2026-08-27 18:11:04,903 [ERROR] worker loop error: Failed to transmit: Network is down [Error Code 100]
2026-08-27 18:11:04,909 [ERROR] worker loop error: Failed to transmit: Network is down [Error Code 100]
2026-08-27 18:11:04,915 [ERROR] worker loop error: Failed to transmit: Network is down [Error Code 100]
2026-08-27 18:11:04,922 [ERROR] worker loop error: Failed to transmit: Network is down [Error Code 100]
2026-08-27 18:11:04,928 [ERROR] worker loop error: Failed to transmit: Network is down [Error Code 100]
2026-08-27 18:11:04,935 [ERROR] worker loop error: Failed to transmit: Network is down [Error Code 100]
2026-08-27 18:11:04,941 [ERROR] worker loop error: Failed to transmit: Network is down [Error Code 100]
2026-08-27 18:11:04,948 [ERROR] worker loop error: Failed to transmit: Network is down [Error Code 100]
2026-08-27 18:11:04,954 [ERROR] worker loop error: Failed to transmit: Network is down [Error Code 100]
2026-08-27 18:11:04,960 [ERROR] worker loop error: Failed to transmit: Network is down [Error Code 100]
2026-08-27 18:11:04,966 [ERROR] worker loop error: Failed to transmit: Network is down [Error Code 100]
2026-08-27 18:11:04,972 [ERROR] worker loop error: Failed to transmit: Network is down [Error Code 100]
2026-08-27 18:11:04,978 [ERROR] worker loop error: Failed to transmit: Network is down [Error Code 100]
2026-08-27 18:11:04,985 [ERROR] worker loop error: Failed to transmit: Network is down [Error Code 100]
2026-08-27 18:11:04,991 [ERROR] worker loop error: Failed to transmit: Network is down [Error Code 100]
2026-08-27 18:11:04,997 [ERROR] worker loop error: Failed to transmit: Network is down [Error Code 100]
2026-08-27 18:11:05,003 [ERROR] worker loop error: Failed to transmit: Network is down [Error Code 100]
2026-08-27 18:11:05,009 [ERROR] worker loop error: Failed to transmit: Network is down [Error Code 100]
2026-08-27 18:11:05,015 [ERROR] worker loop error: Failed to transmit: Network is down [Error Code 100]
2026-08-27 18:11:05,021 [ERROR] worker loop error: Failed to transmit: Network is down [Error Code 100]
2026-08-27 18:11:05,028 [ERROR] worker loop error: Failed to transmit: Network is down [Error Code 100]
2026-08-27 18:11:05,034 [ERROR] worker loop error: Failed to transmit: Network is down [Error Code 100]
2026-08-27 18:11:05,040 [ERROR] worker loop error: Failed to transmit: Network is down [Error Code 100]
2026-08-27 18:11:05,046 [ERROR] worker loop error: Failed to transmit: Network is down [Error Code 100]
2026-08-27 18:11:05,052 [ERROR] worker loop error: Failed to transmit: Network is down [Error Code 100]
2026-08-27 18:11:05,059 [ERROR] worker loop error: Failed to transmit: Network is down [Error Code 100]
2026-08-27 18:11:05,066 [ERROR] worker loop error: Failed to transmit: Network is down [Error Code 100]
2026-08-27 18:11:05,071 [ERROR] worker loop error: Failed to transmit: Network is down [Error Code 100]
2026-08-27 18:11:05,078 [ERROR] worker loop error: Failed to transmit: Network is down [Error Code 100]
2026-08-27 18:11:05,084 [ERROR] worker loop error: Failed to transmit: Network is down [Error Code 100]
2026-08-27 18:11:05,090 [ERROR] worker loop error: Failed to transmit: Network is down [Error Code 100]
2026-08-27 18:11:05,096 [ERROR] worker loop error: Failed to transmit: Network is down [Error Code 100]
2026-08-27 18:11:05,103 [ERROR] worker loop error: Failed to transmit: Network is down [Error Code 100]
2026-08-27 18:11:05,109 [ERROR] worker loop error: Failed to transmit: Network is down [Error Code 100]
2026-08-27 18:11:05,115 [ERROR] worker loop error: Failed to transmit: Network is down [Error Code 100]
2026-08-27 18:11:05,122 [ERROR] worker loop error: Failed to transmit: Network is down [Error Code 100]
2026-08-27 18:11:05,129 [ERROR] worker loop error: Failed to transmit: Network is down [Error Code 100]
2026-08-27 18:11:05,135 [ERROR] worker loop error: Failed to transmit: Network is down [Error Code 100]
2026-08-27 18:11:05,142 [ERROR] worker loop error: Failed to transmit: Network is down [Error Code 100]
2026-08-27 18:11:05,148 [ERROR] worker loop error: Failed to transmit: Network is down [Error Code 100]
2026-08-27 18:11:05,155 [ERROR] worker loop error: Failed to transmit: Network is down [Error Code 100]
2026-08-27 18:11:05,161 [ERROR] worker loop error: Failed to transmit: Network is down [Error Code 100]
2026-08-27 18:11:05,167 [ERROR] worker loop error: Failed to transmit: Network is down [Error Code 100]
2026-08-27 18:11:05,174 [ERROR] worker loop error: Failed to transmit: Network is down [Error Code 100]
2026-08-27 18:11:05,180 [ERROR] worker loop error: Failed to transmit: Network is down [Error Code 100]
2026-08-27 18:11:05,186 [ERROR] worker loop error: Failed to transmit: Network is down [Error Code 100]
2026-08-27 18:11:05,193 [ERROR] worker loop error: Failed to transmit: Network is down [Error Code 100]
2026-08-27 18:11:05,199 [ERROR] worker loop error: Failed to transmit: Network is down [Error Code 100]
2026-08-27 18:11:05,206 [ERROR] worker loop error: Failed to transmit: Network is down [Error Code 100]
2026-08-27 18:11:05,212 [ERROR] worker loop error: Failed to transmit: Network is down [Error Code 100]
2026-08-27 18:11:05,219 [ERROR] worker loop error: Failed to transmit: Network is down [Error Code 100]
2026-08-27 18:11:05,225 [ERROR] worker loop error: Failed to transmit: Network is down [Error Code 100]
2026-08-27 18:11:05,231 [ERROR] worker loop error: Failed to transmit: Network is down [Error Code 100]
2026-08-27 18:11:05,237 [ERROR] worker loop error: Failed to transmit: Network is down [Error Code 100]
2026-08-27 18:11:05,244 [ERROR] worker loop error: Failed to transmit: Network is down [Error Code 100]
2026-08-27 18:11:05,250 [ERROR] worker loop error: Failed to transmit: Network is down [Error Code 100]
2026-08-27 18:11:05,257 [ERROR] worker loop error: Failed to transmit: Network is down [Error Code 100]
2026-08-27 18:11:05,263 [ERROR] worker loop error: Failed to transmit: Network is down [Error Code 100]
2026-08-27 18:11:05,269 [ERROR] worker loop error: Failed to transmit: Network is down [Error Code 100]
2026-08-27 18:11:05,276 [ERROR] worker loop error: Failed to transmit: Network is down [Error Code 100]
2026-08-27 18:11:05,282 [ERROR] worker loop error: Failed to transmit: Network is down [Error Code 100]
2026-08-27 18:11:05,288 [ERROR] worker loop error: Failed to transmit: Network is down [Error Code 100]
2026-08-27 18:11:05,295 [ERROR] worker loop error: Failed to transmit: Network is down [Error Code 100]
2026-08-27 18:11:05,301 [ERROR] worker loop error: Failed to transmit: Network is down [Error Code 100]
2026-08-27 18:11:05,307 [ERROR] worker loop error: Failed to transmit: Network is down [Error Code 100]
2026-08-27 18:11:05,314 [ERROR] worker loop error: Failed to transmit: Network is down [Error Code 100]
2026-08-27 18:11:05,320 [ERROR] worker loop error: Failed to transmit: Network is down [Error Code 100]
2026-08-27 18:11:05,327 [ERROR] worker loop error: Failed to transmit: Network is down [Error Code 100]
2026-08-27 18:11:05,333 [ERROR] worker loop error: Failed to transmit: Network is down [Error Code 100]
2026-08-27 18:11:05,339 [ERROR] worker loop error: Failed to transmit: Network is down [Error Code 100]
2026-08-27 18:11:05,346 [ERROR] worker loop error: Failed to transmit: Network is down [Error Code 100]
2026-08-27 18:11:05,352 [ERROR] worker loop error: Failed to transmit: Network is down [Error Code 100]
2026-08-27 18:11:05,359 [ERROR] worker loop error: Failed to transmit: Network is down [Error Code 100]
2026-08-27 18:11:05,365 [ERROR] worker loop error: Failed to transmit: Network is down [Error Code 100]
2026-08-27 18:11:05,371 [ERROR] worker loop error: Failed to transmit: Network is down [Error Code 100]
2026-08-27 18:11:05,378 [ERROR] worker loop error: Failed to transmit: Network is down [Error Code 100]
2026-08-27 18:11:05,384 [ERROR] worker loop error: Failed to transmit: Network is down [Error Code 100]
2026-08-27 18:11:05,390 [ERROR] worker loop error: Failed to transmit: Network is down [Error Code 100]
2026-08-27 18:11:05,397 [ERROR] worker loop error: Failed to transmit: Network is down [Error Code 100]
2026-08-27 18:11:05,403 [ERROR] worker loop error: Failed to transmit: Network is down [Error Code 100]
2026-08-27 18:11:05,409 [ERROR] worker loop error: Failed to transmit: Network is down [Error Code 100]
2026-08-27 18:11:05,416 [ERROR] worker loop error: Failed to transmit: Network is down [Error Code 100]
2026-08-27 18:11:05,422 [ERROR] worker loop error: Failed to transmit: Network is down [Error Code 100]
2026-08-27 18:11:05,429 [ERROR] worker loop error: Failed to transmit: Network is down [Error Code 100]
2026-08-27 18:11:05,435 [ERROR] worker loop error: Failed to transmit: Network is down [Error Code 100]
2026-08-27 18:11:05,441 [ERROR] worker loop error: Failed to transmit: Network is down [Error Code 100]
2026-08-27 18:11:05,447 [ERROR] worker loop error: Failed to transmit: Network is down [Error Code 100]
2026-08-27 18:11:05,454 [ERROR] worker loop error: Failed to transmit: Network is down [Error Code 100]
2026-08-27 18:11:05,460 [ERROR] worker loop error: Failed to transmit: Network is down [Error Code 100]
2026-08-27 18:11:05,466 [ERROR] worker loop error: Failed to transmit: Network is down [Error Code 100]
2026-08-27 18:11:05,472 [ERROR] worker loop error: Failed to transmit: Network is down [Error Code 100]
2026-08-27 18:11:05,479 [ERROR] worker loop error: Failed to transmit: Network is down [Error Code 100]
2026-08-27 18:11:05,485 [ERROR] worker loop error: Failed to transmit: Network is down [Error Code 100]
2026-08-27 18:11:05,490 [ERROR] worker loop error: Failed to transmit: Network is down [Error Code 100]
2026-08-27 18:11:05,497 [ERROR] worker loop error: Failed to transmit: Network is down [Error Code 100]
2026-08-27 18:11:05,503 [ERROR] worker loop error: Failed to transmit: Network is down [Error Code 100]
2026-08-27 18:11:05,510 [ERROR] worker loop error: Failed to transmit: Network is down [Error Code 100]
2026-08-27 18:11:05,516 [ERROR] worker loop error: Failed to transmit: Network is down [Error Code 100]
2026-08-27 18:11:05,522 [ERROR] worker loop error: Failed to transmit: Network is down [Error Code 100]
2026-08-27 18:11:05,529 [ERROR] worker loop error: Failed to transmit: Network is down [Error Code 100]
2026-08-27 18:11:05,535 [ERROR] worker loop error: Failed to transmit: Network is down [Error Code 100]
2026-08-27 18:11:05,541 [ERROR] worker loop error: Failed to transmit: Network is down [Error Code 100]
2026-08-27 18:11:05,548 [ERROR] worker loop error: Failed to transmit: Network is down [Error Code 100]
2026-08-27 18:11:05,554 [ERROR] worker loop error: Failed to transmit: Network is down [Error Code 100]
2026-08-27 18:11:05,560 [ERROR] worker loop error: Failed to transmit: Network is down [Error Code 100]
2026-08-27 18:11:05,566 [ERROR] worker loop error: Failed to transmit: Network is down [Error Code 100]
2026-08-27 18:11:05,573 [ERROR] worker loop error: Failed to transmit: Network is down [Error Code 100]
2026-08-27 18:11:05,579 [ERROR] worker loop error: Failed to transmit: Network is down [Error Code 100]
2026-08-27 18:11:05,585 [ERROR] worker loop error: Failed to transmit: Network is down [Error Code 100]
2026-08-27 18:11:05,591 [ERROR] worker loop error: Failed to transmit: Network is down [Error Code 100]
2026-08-27 18:11:05,597 [ERROR] worker loop error: Failed to transmit: Network is down [Error Code 100]
2026-08-27 18:11:05,603 [ERROR] worker loop error: Failed to transmit: Network is down [Error Code 100]
2026-08-27 18:11:05,609 [ERROR] worker loop error: Failed to transmit: Network is down [Error Code 100]
2026-08-27 18:11:05,615 [ERROR] worker loop error: Failed to transmit: Network is down [Error Code 100]
2026-08-27 18:11:05,621 [ERROR] worker loop error: Failed to transmit: Network is down [Error Code 100]
2026-08-27 18:11:05,628 [ERROR] worker loop error: Failed to transmit: Network is down [Error Code 100]
2026-08-27 18:11:05,634 [ERROR] worker loop error: Failed to transmit: Network is down [Error Code 100]
2026-08-27 18:11:05,640 [ERROR] worker loop error: Failed to transmit: Network is down [Error Code 100]
2026-08-27 18:11:05,646 [ERROR] worker loop error: Failed to transmit: Network is down [Error Code 100]
2026-08-27 18:11:05,652 [ERROR] worker loop error: Failed to transmit: Network is down [Error Code 100]
2026-08-27 18:11:05,658 [ERROR] worker loop error: Failed to transmit: Network is down [Error Code 100]
2026-08-27 18:11:05,665 [ERROR] worker loop error: Failed to transmit: Network is down [Error Code 100]
2026-08-27 18:11:05,671 [ERROR] worker loop error: Failed to transmit: Network is down [Error Code 100]
2026-08-27 18:11:05,677 [ERROR] worker loop error: Failed to transmit: Network is down [Error Code 100]
2026-08-27 18:11:05,683 [ERROR] worker loop error: Failed to transmit: Network is down [Error Code 100]
2026-08-27 18:11:05,690 [ERROR] worker loop error: Failed to transmit: Network is down [Error Code 100]
2026-08-27 18:11:05,696 [ERROR] worker loop error: Failed to transmit: Network is down [Error Code 100]
2026-08-27 18:11:05,702 [ERROR] worker loop error: Failed to transmit: Network is down [Error Code 100]
2026-08-27 18:11:05,709 [ERROR] worker loop error: Failed to transmit: Network is down [Error Code 100]
2026-08-27 18:11:05,715 [ERROR] worker loop error: Failed to transmit: Network is down [Error Code 100]
2026-08-27 18:11:05,721 [ERROR] worker loop error: Failed to transmit: Network is down [Error Code 100]
2026-08-27 18:11:05,728 [ERROR] worker loop error: Failed to transmit: Network is down [Error Code 100]
2026-08-27 18:11:05,734 [ERROR] worker loop error: Failed to transmit: Network is down [Error Code 100]
2026-08-27 18:11:05,740 [ERROR] worker loop error: Failed to transmit: Network is down [Error Code 100]
2026-08-27 18:11:05,746 [ERROR] worker loop error: Failed to transmit: Network is down [Error Code 100]
2026-08-27 18:11:05,753 [ERROR] worker loop error: Failed to transmit: Network is down [Error Code 100]
2026-08-27 18:11:05,759 [ERROR] worker loop error: Failed to transmit: Network is down [Error Code 100]
2026-08-27 18:11:05,765 [ERROR] worker loop error: Failed to transmit: Network is down [Error Code 100]
2026-08-27 18:11:05,771 [ERROR] worker loop error: Failed to transmit: Network is down [Error Code 100]
2026-08-27 18:11:05,777 [ERROR] worker loop error: Failed to transmit: Network is down [Error Code 100]
2026-08-27 18:11:05,784 [ERROR] worker loop error: Failed to transmit: Network is down [Error Code 100]
2026-08-27 18:11:05,790 [ERROR] worker loop error: Failed to transmit: Network is down [Error Code 100]
2026-08-27 18:11:05,797 [ERROR] worker loop error: Failed to transmit: Network is down [Error Code 100]
2026-08-27 18:11:05,803 [ERROR] worker loop error: Failed to transmit: Network is down [Error Code 100]
2026-08-27 18:11:05,808 [ERROR] worker loop error: Failed to transmit: Network is down [Error Code 100]
2026-08-27 18:11:05,815 [ERROR] worker loop error: Failed to transmit: Network is down [Error Code 100]
2026-08-27 18:11:05,821 [ERROR] worker loop error: Failed to transmit: Network is down [Error Code 100]
2026-08-27 18:11:05,827 [ERROR] worker loop error: Failed to transmit: Network is down [Error Code 100]
2026-08-27 18:11:05,834 [ERROR] worker loop error: Failed to transmit: Network is down [Error Code 100]
2026-08-27 18:11:05,840 [ERROR] worker loop error: Failed to transmit: Network is down [Error Code 100]
2026-08-27 18:11:05,846 [ERROR] worker loop error: Failed to transmit: Network is down [Error Code 100]
2026-08-27 18:11:05,853 [ERROR] worker loop error: Failed to transmit: Network is down [Error Code 100]
2026-08-27 18:11:05,859 [ERROR] worker loop error: Failed to transmit: Network is down [Error Code 100]
2026-08-27 18:11:05,865 [ERROR] worker loop error: Failed to transmit: Network is down [Error Code 100]
2026-08-27 18:11:05,871 [ERROR] worker loop error: Failed to transmit: Network is down [Error Code 100]
2026-08-27 18:11:05,877 [ERROR] worker loop error: Failed to transmit: Network is down [Error Code 100]
2026-08-27 18:11:05,884 [ERROR] worker loop error: Failed to transmit: Network is down [Error Code 100]
2026-08-27 18:11:05,890 [ERROR] worker loop error: Failed to transmit: Network is down [Error Code 100]
2026-08-27 18:11:05,897 [ERROR] worker loop error: Failed to transmit: Network is down [Error Code 100]
2026-08-27 18:11:05,903 [ERROR] worker loop error: Failed to transmit: Network is down [Error Code 100]
2026-08-27 18:11:05,909 [ERROR] worker loop error: Failed to transmit: Network is down [Error Code 100]
2026-08-27 18:11:05,916 [ERROR] worker loop error: Failed to transmit: Network is down [Error Code 100]
2026-08-27 18:11:05,922 [ERROR] worker loop error: Failed to transmit: Network is down [Error Code 100]
2026-08-27 18:11:05,929 [ERROR] worker loop error: Failed to transmit: Network is down [Error Code 100]
2026-08-27 18:11:05,935 [ERROR] worker loop error: Failed to transmit: Network is down [Error Code 100]
2026-08-27 18:11:05,942 [ERROR] worker loop error: Failed to transmit: Network is down [Error Code 100]
2026-08-27 18:11:05,948 [ERROR] worker loop error: Failed to transmit: Network is down [Error Code 100]
2026-08-27 18:11:05,954 [ERROR] worker loop error: Failed to transmit: Network is down [Error Code 100]
2026-08-27 18:11:05,960 [ERROR] worker loop error: Failed to transmit: Network is down [Error Code 100]
2026-08-27 18:11:05,967 [ERROR] worker loop error: Failed to transmit: Network is down [Error Code 100]
2026-08-27 18:11:05,974 [ERROR] worker loop error: Failed to transmit: Network is down [Error Code 100]
2026-08-27 18:11:05,980 [ERROR] worker loop error: Failed to transmit: Network is down [Error Code 100]
2026-08-27 18:11:05,986 [ERROR] worker loop error: Failed to transmit: Network is down [Error Code 100]
2026-08-27 18:11:05,993 [ERROR] worker loop error: Failed to transmit: Network is down [Error Code 100]
2026-08-27 18:11:05,999 [ERROR] worker loop error: Failed to transmit: Network is down [Error Code 100]
2026-08-27 18:11:06,005 [ERROR] worker loop error: Failed to transmit: Network is down [Error Code 100]
2026-08-27 18:11:06,011 [ERROR] worker loop error: Failed to transmit: Network is down [Error Code 100]
2026-08-27 18:11:06,017 [ERROR] worker loop error: Failed to transmit: Network is down [Error Code 100]
2026-08-27 18:11:06,024 [ERROR] worker loop error: Failed to transmit: Network is down [Error Code 100]
2026-08-27 18:11:06,030 [ERROR] worker loop error: Failed to transmit: Network is down [Error Code 100]
2026-08-27 18:11:06,037 [ERROR] worker loop error: Failed to transmit: Network is down [Error Code 100]
2026-08-27 18:11:06,043 [ERROR] worker loop error: Failed to transmit: Network is down [Error Code 100]
2026-08-27 18:11:06,049 [ERROR] worker loop error: Failed to transmit: Network is down [Error Code 100]
2026-08-27 18:11:06,055 [ERROR] worker loop error: Failed to transmit: Network is down [Error Code 100]
2026-08-27 18:11:06,062 [ERROR] worker loop error: Failed to transmit: Network is down [Error Code 100]
2026-08-27 18:11:06,068 [ERROR] worker loop error: Failed to transmit: Network is down [Error Code 100]
2026-08-27 18:11:06,074 [ERROR] worker loop error: Failed to transmit: Network is down [Error Code 100]
2026-08-27 18:11:06,081 [ERROR] worker loop error: Failed to transmit: Network is down [Error Code 100]
2026-08-27 18:11:06,087 [ERROR] worker loop error: Failed to transmit: Network is down [Error Code 100]
2026-08-27 18:11:06,093 [ERROR] worker loop error: Failed to transmit: Network is down [Error Code 100]
2026-08-27 18:11:06,100 [ERROR] worker loop error: Failed to transmit: Network is down [Error Code 100]
2026-08-27 18:11:06,106 [ERROR] worker loop error: Failed to transmit: Network is down [Error Code 100]
2026-08-27 18:11:06,112 [ERROR] worker loop error: Failed to transmit: Network is down [Error Code 100]
2026-08-27 18:11:06,118 [ERROR] worker loop error: Failed to transmit: Network is down [Error Code 100]
2026-08-27 18:11:06,125 [ERROR] worker loop error: Failed to transmit: Network is down [Error Code 100]
2026-08-27 18:11:06,131 [ERROR] worker loop error: Failed to transmit: Network is down [Error Code 100]
2026-08-27 18:11:06,137 [ERROR] worker loop error: Failed to transmit: Network is down [Error Code 100]
2026-08-27 18:11:06,144 [ERROR] worker loop error: Failed to transmit: Network is down [Error Code 100]
2026-08-27 18:11:06,150 [ERROR] worker loop error: Failed to transmit: Network is down [Error Code 100]
2026-08-27 18:11:06,156 [ERROR] worker loop error: Failed to transmit: Network is down [Error Code 100]
2026-08-27 18:11:06,163 [ERROR] worker loop error: Failed to transmit: Network is down [Error Code 100]
2026-08-27 18:11:06,169 [ERROR] worker loop error: Failed to transmit: Network is down [Error Code 100]
2026-08-27 18:11:06,176 [ERROR] worker loop error: Failed to transmit: Network is down [Error Code 100]
2026-08-27 18:11:06,182 [ERROR] worker loop error: Failed to transmit: Network is down [Error Code 100]
2026-08-27 18:11:06,188 [ERROR] worker loop error: Failed to transmit: Network is down [Error Code 100]
2026-08-27 18:11:06,195 [ERROR] worker loop error: Failed to transmit: Network is down [Error Code 100]
2026-08-27 18:11:06,201 [ERROR] worker loop error: Failed to transmit: Network is down [Error Code 100]
2026-08-27 18:11:06,208 [ERROR] worker loop error: Failed to transmit: Network is down [Error Code 100]
2026-08-27 18:11:06,214 [ERROR] worker loop error: Failed to transmit: Network is down [Error Code 100]
2026-08-27 18:11:06,220 [ERROR] worker loop error: Failed to transmit: Network is down [Error Code 100]
2026-08-27 18:11:06,229 [ERROR] worker loop error: Failed to transmit: Network is down [Error Code 100]
2026-08-27 18:11:06,235 [ERROR] worker loop error: Failed to transmit: Network is down [Error Code 100]
2026-08-27 18:11:06,242 [ERROR] worker loop error: Failed to transmit: Network is down [Error Code 100]
2026-08-27 18:11:06,248 [ERROR] worker loop error: Failed to transmit: Network is down [Error Code 100]
2026-08-27 18:11:06,255 [ERROR] worker loop error: Failed to transmit: Network is down [Error Code 100]
2026-08-27 18:11:06,261 [ERROR] worker loop error: Failed to transmit: Network is down [Error Code 100]
2026-08-27 18:11:06,268 [ERROR] worker loop error: Failed to transmit: Network is down [Error Code 100]
2026-08-27 18:11:06,274 [ERROR] worker loop error: Failed to transmit: Network is down [Error Code 100]
2026-08-27 18:11:06,280 [ERROR] worker loop error: Failed to transmit: Network is down [Error Code 100]
2026-08-27 18:11:06,287 [ERROR] worker loop error: Failed to transmit: Network is down [Error Code 100]
2026-08-27 18:11:06,293 [ERROR] worker loop error: Failed to transmit: Network is down [Error Code 100]
2026-08-27 18:11:06,299 [ERROR] worker loop error: Failed to transmit: Network is down [Error Code 100]
2026-08-27 18:11:06,306 [ERROR] worker loop error: Failed to transmit: Network is down [Error Code 100]
2026-08-27 18:11:06,312 [ERROR] worker loop error: Failed to transmit: Network is down [Error Code 100]
2026-08-27 18:11:06,319 [ERROR] worker loop error: Failed to transmit: Network is down [Error Code 100]
2026-08-27 18:11:06,325 [ERROR] worker loop error: Failed to transmit: Network is down [Error Code 100]
2026-08-27 18:11:06,332 [ERROR] worker loop error: Failed to transmit: Network is down [Error Code 100]
2026-08-27 18:11:06,338 [ERROR] worker loop error: Failed to transmit: Network is down [Error Code 100]
2026-08-27 18:11:06,345 [ERROR] worker loop error: Failed to transmit: Network is down [Error Code 100]
2026-08-27 18:11:06,351 [ERROR] worker loop error: Failed to transmit: Network is down [Error Code 100]
2026-08-27 18:11:06,357 [ERROR] worker loop error: Failed to transmit: Network is down [Error Code 100]
2026-08-27 18:11:06,363 [ERROR] worker loop error: Failed to transmit: Network is down [Error Code 100]
2026-08-27 18:11:06,369 [ERROR] worker loop error: Failed to transmit: Network is down [Error Code 100]
2026-08-27 18:11:06,375 [ERROR] worker loop error: Failed to transmit: Network is down [Error Code 100]
2026-08-27 18:11:06,381 [ERROR] worker loop error: Failed to transmit: Network is down [Error Code 100]
2026-08-27 18:11:06,388 [ERROR] worker loop error: Failed to transmit: Network is down [Error Code 100]
2026-08-27 18:11:06,394 [ERROR] worker loop error: Failed to transmit: Network is down [Error Code 100]
2026-08-27 18:11:06,400 [ERROR] worker loop error: Failed to transmit: Network is down [Error Code 100]
2026-08-27 18:11:06,406 [ERROR] worker loop error: Failed to transmit: Network is down [Error Code 100]
2026-08-27 18:11:06,412 [ERROR] worker loop error: Failed to transmit: Network is down [Error Code 100]
2026-08-27 18:11:06,419 [ERROR] worker loop error: Failed to transmit: Network is down [Error Code 100]
2026-08-27 18:11:06,425 [ERROR] worker loop error: Failed to transmit: Network is down [Error Code 100]
2026-08-27 18:11:06,432 [ERROR] worker loop error: Failed to transmit: Network is down [Error Code 100]
2026-08-27 18:11:06,437 [ERROR] worker loop error: Failed to transmit: Network is down [Error Code 100]
2026-08-27 18:11:06,446 [ERROR] worker loop error: Failed to transmit: Network is down [Error Code 100]
2026-08-27 18:11:06,452 [ERROR] worker loop error: Failed to transmit: Network is down [Error Code 100]
2026-08-27 18:11:06,458 [ERROR] worker loop error: Failed to transmit: Network is down [Error Code 100]
2026-08-27 18:11:06,464 [ERROR] worker loop error: Failed to transmit: Network is down [Error Code 100]
2026-08-27 18:11:06,470 [ERROR] worker loop error: Failed to transmit: Network is down [Error Code 100]
2026-08-27 18:11:06,476 [ERROR] worker loop error: Failed to transmit: Network is down [Error Code 100]
2026-08-27 18:11:06,483 [ERROR] worker loop error: Failed to transmit: Network is down [Error Code 100]
2026-08-27 18:11:06,489 [ERROR] worker loop error: Failed to transmit: Network is down [Error Code 100]
2026-08-27 18:11:06,495 [ERROR] worker loop error: Failed to transmit: Network is down [Error Code 100]
2026-08-27 18:11:06,501 [ERROR] worker loop error: Failed to transmit: Network is down [Error Code 100]
2026-08-27 18:11:06,507 [ERROR] worker loop error: Failed to transmit: Network is down [Error Code 100]
2026-08-27 18:11:06,513 [ERROR] worker loop error: Failed to transmit: Network is down [Error Code 100]
2026-08-27 18:11:06,520 [ERROR] worker loop error: Failed to transmit: Network is down [Error Code 100]
2026-08-27 18:11:06,526 [ERROR] worker loop error: Failed to transmit: Network is down [Error Code 100]
2026-08-27 18:11:06,532 [ERROR] worker loop error: Failed to transmit: Network is down [Error Code 100]
2026-08-27 18:11:06,538 [ERROR] worker loop error: Failed to transmit: Network is down [Error Code 100]
2026-08-27 18:11:06,544 [ERROR] worker loop error: Failed to transmit: Network is down [Error Code 100]
2026-08-27 18:11:06,550 [ERROR] worker loop error: Failed to transmit: Network is down [Error Code 100]
2026-08-27 18:11:06,556 [ERROR] worker loop error: Failed to transmit: Network is down [Error Code 100]
2026-08-27 18:11:06,562 [ERROR] worker loop error: Failed to transmit: Network is down [Error Code 100]
2026-08-27 18:11:06,569 [ERROR] worker loop error: Failed to transmit: Network is down [Error Code 100]
2026-08-27 18:11:06,575 [ERROR] worker loop error: Failed to transmit: Network is down [Error Code 100]
2026-08-27 18:11:06,581 [ERROR] worker loop error: Failed to transmit: Network is down [Error Code 100]
2026-08-27 18:11:06,587 [ERROR] worker loop error: Failed to transmit: Network is down [Error Code 100]
2026-08-27 18:11:06,594 [ERROR] worker loop error: Failed to transmit: Network is down [Error Code 100]
2026-08-27 18:11:06,600 [ERROR] worker loop error: Failed to transmit: Network is down [Error Code 100]
2026-08-27 18:11:06,606 [ERROR] worker loop error: Failed to transmit: Network is down [Error Code 100]
2026-08-27 18:11:06,612 [ERROR] worker loop error: Failed to transmit: Network is down [Error Code 100]
2026-08-27 18:11:06,619 [ERROR] worker loop error: Failed to transmit: Network is down [Error Code 100]
2026-08-27 18:11:06,625 [ERROR] worker loop error: Failed to transmit: Network is down [Error Code 100]
2026-08-27 18:11:06,632 [ERROR] worker loop error: Failed to transmit: Network is down [Error Code 100]
2026-08-27 18:11:06,637 [ERROR] worker loop error: Failed to transmit: Network is down [Error Code 100]
2026-08-27 18:11:06,644 [ERROR] worker loop error: Failed to transmit: Network is down [Error Code 100]
2026-08-27 18:11:06,650 [ERROR] worker loop error: Failed to transmit: Network is down [Error Code 100]
2026-08-27 18:11:06,656 [ERROR] worker loop error: Failed to transmit: Network is down [Error Code 100]
2026-08-27 18:11:06,662 [ERROR] worker loop error: Failed to transmit: Network is down [Error Code 100]
2026-08-27 18:11:06,668 [ERROR] worker loop error: Failed to transmit: Network is down [Error Code 100]
2026-08-27 18:11:06,675 [ERROR] worker loop error: Failed to transmit: Network is down [Error Code 100]
2026-08-27 18:11:06,681 [ERROR] worker loop error: Failed to transmit: Network is down [Error Code 100]
2026-08-27 18:11:06,687 [ERROR] worker loop error: Failed to transmit: Network is down [Error Code 100]
2026-08-27 18:11:06,693 [ERROR] worker loop error: Failed to transmit: Network is down [Error Code 100]
2026-08-27 18:11:06,700 [ERROR] worker loop error: Failed to transmit: Network is down [Error Code 100]
2026-08-27 18:11:06,706 [ERROR] worker loop error: Failed to transmit: Network is down [Error Code 100]
2026-08-27 18:11:06,712 [ERROR] worker loop error: Failed to transmit: Network is down [Error Code 100]
2026-08-27 18:11:06,718 [ERROR] worker loop error: Failed to transmit: Network is down [Error Code 100]
2026-08-27 18:11:06,724 [ERROR] worker loop error: Failed to transmit: Network is down [Error Code 100]
2026-08-27 18:11:06,730 [ERROR] worker loop error: Failed to transmit: Network is down [Error Code 100]
2026-08-27 18:11:06,736 [ERROR] worker loop error: Failed to transmit: Network is down [Error Code 100]
2026-08-27 18:11:06,743 [ERROR] worker loop error: Failed to transmit: Network is down [Error Code 100]
2026-08-27 18:11:06,750 [ERROR] worker loop error: Failed to transmit: Network is down [Error Code 100]
2026-08-27 18:11:06,755 [ERROR] worker loop error: Failed to transmit: Network is down [Error Code 100]
2026-08-27 18:11:06,762 [ERROR] worker loop error: Failed to transmit: Network is down [Error Code 100]
2026-08-27 18:11:06,768 [ERROR] worker loop error: Failed to transmit: Network is down [Error Code 100]
2026-08-27 18:11:06,774 [ERROR] worker loop error: Failed to transmit: Network is down [Error Code 100]
2026-08-27 18:11:06,782 [ERROR] worker loop error: Failed to transmit: Network is down [Error Code 100]
2026-08-27 18:11:06,788 [ERROR] worker loop error: Failed to transmit: Network is down [Error Code 100]
2026-08-27 18:11:06,794 [WARNING] CAN: can0 is up at 1000000 bps.
2026-08-27 18:11:07,799 [WARNING] EMERGENCY STOP: all joints disabled.
2026-08-27 18:11:07,803 [INFO] Connected to CAN bus, 6 joints configured.
2026-08-27 18:11:20,408 [WARNING] shoulder: home/origin set here (permanent, stored in motor)
2026-08-27 18:11:20,410 [WARNING] elbow: home/origin set here (permanent, stored in motor)
2026-08-27 18:11:24,339 [INFO] shoulder: enabled (holding -0.57 deg)
2026-08-27 18:11:24,342 [INFO] elbow: enabled (holding -1.01 deg)
2026-08-27 18:11:39,027 [ERROR] BUS WATCHDOG: no motor has responded in over 3.0s while torque was enabled -- forcing E-STOP.
2026-08-27 18:11:42,340 [WARNING] EMERGENCY STOP: all joints disabled.
2026-08-27 18:11:48,089 [WARNING] CAN: can0 is up at 1000000 bps.
2026-08-27 18:11:48,094 [INFO] Connected to CAN bus, 6 joints configured.
2026-08-27 18:11:58,241 [WARNING] shoulder: home/origin set here (permanent, stored in motor)
2026-08-27 18:11:58,242 [WARNING] elbow: home/origin set here (permanent, stored in motor)
2026-08-27 18:12:01,062 [INFO] shoulder: enabled (holding 0.00 deg)
2026-08-27 18:12:01,065 [INFO] elbow: enabled (holding 0.00 deg)
2026-08-27 18:12:32,114 [WARNING] wrist_r: home/origin set here (permanent, stored in motor)
2026-08-27 18:12:33,117 [ERROR] GimTimeout: No reply from motor 14 for command 0xB1 within 1.0s
2026-08-27 18:12:34,435 [INFO] wrist_r: enabled (holding 0.00 deg)
2026-08-27 18:12:34,937 [ERROR] GimTimeout: No reply from motor 14 for command 0xB2 within 0.5s
2026-08-27 18:12:40,698 [WARNING] CAN: can0 is up at 1000000 bps.
2026-08-27 18:12:40,706 [INFO] Connected to CAN bus, 6 joints configured.
2026-08-27 18:12:52,355 [INFO] wrist_r: enabled (holding 0.00 deg)
2026-08-27 18:12:52,858 [ERROR] GimTimeout: No reply from motor 14 for command 0xB2 within 0.5s
2026-08-27 18:13:09,046 [WARNING] CAN: can0 is up at 1000000 bps.
2026-08-27 18:13:09,054 [INFO] Connected to CAN bus, 6 joints configured.
2026-08-27 18:13:30,513 [WARNING] wrist_l: home/origin set here (permanent, stored in motor)
2026-08-27 18:13:30,535 [WARNING] wrist_r: home/origin set here (permanent, stored in motor)
2026-08-27 18:13:33,312 [INFO] wrist_l: enabled (holding 0.00 deg)
2026-08-27 18:13:33,314 [INFO] wrist_r: enabled (holding 0.00 deg)
2026-08-27 18:14:10,081 [WARNING] wrist_l: home/origin set here (permanent, stored in motor)
2026-08-27 18:14:10,102 [WARNING] wrist_r: home/origin set here (permanent, stored in motor)
2026-08-27 18:14:58,804 [WARNING] CAN: can0 is up at 1000000 bps.
2026-08-27 18:14:58,809 [INFO] Connected to CAN bus, 6 joints configured.
2026-08-27 18:15:19,117 [WARNING] shoulder: home/origin set here (permanent, stored in motor)
2026-08-27 18:15:19,118 [WARNING] elbow: home/origin set here (permanent, stored in motor)
2026-08-27 18:15:21,660 [INFO] shoulder: enabled (holding 5.43 deg)
2026-08-27 18:15:21,662 [INFO] elbow: enabled (holding -1.38 deg)
2026-08-27 18:15:24,482 [INFO] shoulder: enabled (holding 5.41 deg)
2026-08-27 18:15:24,485 [INFO] elbow: enabled (holding -1.36 deg)
2026-08-27 18:15:54,442 [WARNING] wrist_l: home/origin set here (permanent, stored in motor)
2026-08-27 18:15:54,463 [WARNING] wrist_r: home/origin set here (permanent, stored in motor)
2026-08-27 18:15:57,247 [INFO] wrist_l: enabled (holding 0.00 deg)
2026-08-27 18:15:57,251 [INFO] wrist_r: enabled (holding 0.00 deg)
2026-08-27 18:16:00,071 [INFO] wrist_l: enabled (holding 0.00 deg)
2026-08-27 18:16:00,074 [INFO] wrist_r: enabled (holding 0.00 deg)
2026-08-27 18:16:18,117 [INFO] Differential wrist config saved: wrist_l/wrist_r, enabled=True, ratio=1, swap=True, pitch=[-180,180], roll=[-180,180]
2026-08-27 18:16:53,723 [WARNING] wrist_l: home/origin set here (permanent, stored in motor)
2026-08-27 18:16:59,367 [WARNING] wrist_l: home/origin set here (permanent, stored in motor)
2026-08-27 18:17:17,414 [WARNING] wrist_r: home/origin set here (permanent, stored in motor)
2026-08-27 18:18:21,220 [WARNING] wrist_l: home/origin set here (permanent, stored in motor)
2026-08-27 18:18:21,241 [WARNING] wrist_r: home/origin set here (permanent, stored in motor)
2026-08-27 18:19:07,012 [ERROR] BUS WATCHDOG: no motor has responded in over 3.0s while torque was enabled -- forcing E-STOP.
2026-08-27 18:19:10,324 [WARNING] EMERGENCY STOP: all joints disabled.
2026-08-27 18:19:35,868 [WARNING] CAN: can0 is up at 1000000 bps.
2026-08-27 18:19:35,872 [INFO] Connected to CAN bus, 6 joints configured.
2026-08-27 18:19:44,458 [WARNING] shoulder: home/origin set here (permanent, stored in motor)
2026-08-27 18:19:44,460 [WARNING] elbow: home/origin set here (permanent, stored in motor)
2026-08-27 18:19:44,481 [WARNING] wrist_l: home/origin set here (permanent, stored in motor)
2026-08-27 18:19:44,501 [WARNING] wrist_r: home/origin set here (permanent, stored in motor)
2026-08-27 18:19:47,278 [INFO] shoulder: enabled (holding 0.00 deg)
2026-08-27 18:19:47,281 [INFO] elbow: enabled (holding -0.33 deg)
2026-08-27 18:19:47,284 [INFO] wrist_l: enabled (holding 0.00 deg)
2026-08-27 18:19:47,286 [INFO] wrist_r: enabled (holding 0.00 deg)
2026-08-27 18:22:31,701 [WARNING] CAN: can0 is up at 1000000 bps.
2026-08-27 18:22:31,706 [INFO] Connected to CAN bus, 6 joints configured.
2026-08-27 18:23:08,030 [WARNING] CAN: can0 is up at 1000000 bps.
2026-08-27 18:23:08,035 [INFO] Connected to CAN bus, 6 joints configured.
2026-08-27 18:23:22,652 [WARNING] CAN: can0 is up at 1000000 bps.
2026-08-27 18:23:22,658 [INFO] Connected to CAN bus, 6 joints configured.
2026-08-27 18:23:41,274 [INFO] wrist_r: angle limits set to -180..180 deg
2026-08-27 18:23:41,789 [ERROR] GimTimeout: No reply from motor 13 for command 0xB2 within 0.5s
2026-08-27 18:23:59,743 [INFO] elbow: angle limits set to -150..150 deg
2026-08-27 18:23:59,758 [INFO] elbow: speed/current limits re-applied live (torque already on)
2026-08-27 18:23:59,759 [INFO] elbow: speed limits set to 5 rpm, accel 10 rpm/s, current 3.3 A
2026-08-27 18:25:14,683 [INFO] shoulder: angle limits set to -90..90 deg
2026-08-27 18:25:14,699 [INFO] shoulder: speed/current limits re-applied live (torque already on)
2026-08-27 18:25:14,699 [INFO] shoulder: speed limits set to 5 rpm, accel 10 rpm/s, current 3.3 A
2026-08-27 18:28:08,551 [WARNING] wrist_l: home/origin set here (permanent, stored in motor)
2026-08-27 18:28:08,656 [WARNING] wrist_r: home/origin set here (permanent, stored in motor)
2026-08-27 18:29:55,805 [WARNING] wrist_l: home/origin set here (permanent, stored in motor)
2026-08-27 18:29:55,826 [WARNING] wrist_r: home/origin set here (permanent, stored in motor)
2026-08-27 18:31:10,289 [WARNING] wrist_l: home/origin set here (permanent, stored in motor)
2026-08-27 18:31:10,310 [WARNING] wrist_r: home/origin set here (permanent, stored in motor)
2026-08-27 18:33:13,348 [WARNING] wrist_l: home/origin set here (permanent, stored in motor)
2026-08-27 18:33:13,370 [WARNING] wrist_r: home/origin set here (permanent, stored in motor)
2026-08-27 18:33:37,010 [WARNING] Wrist: requested pitch -90.00/roll 150.00 deg exceeds wrist_l/wrist_r travel at this combination -- scaled to pitch -67.50/roll 112.50 deg (direction preserved, magnitude reduced)
2026-08-27 18:34:22,162 [WARNING] Wrist: requested pitch -90.00/roll 170.00 deg exceeds wrist_l/wrist_r travel at this combination -- scaled to pitch -62.31/roll 117.69 deg (direction preserved, magnitude reduced)
2026-08-27 18:35:55,436 [WARNING] wrist_l: home/origin set here (permanent, stored in motor)
2026-08-27 18:35:55,458 [WARNING] wrist_r: home/origin set here (permanent, stored in motor)
2026-08-27 18:35:56,459 [ERROR] GimTimeout: No reply from motor 14 for command 0xB1 within 1.0s
2026-08-27 18:35:58,887 [INFO] wrist_l: enabled (holding 0.00 deg)
2026-08-27 18:35:58,890 [INFO] wrist_r: enabled (holding 0.00 deg)
2026-08-27 18:35:59,392 [ERROR] GimTimeout: No reply from motor 14 for command 0xB2 within 0.5s
2026-08-27 18:36:30,421 [ERROR] GimTimeout: No reply from motor 9 for command 0xB1 within 1.0s
2026-08-27 18:36:33,348 [ERROR] GimTimeout: No reply from motor 9 for command 0xB2 within 0.5s
2026-08-27 18:37:00,328 [WARNING] CAN: can0 is up at 1000000 bps.
2026-08-27 18:37:00,333 [INFO] Connected to CAN bus, 6 joints configured.
2026-08-27 18:37:30,521 [ERROR] BUS WATCHDOG: no motor has responded in over 3.0s while torque was enabled -- forcing E-STOP.
2026-08-27 18:37:33,833 [WARNING] EMERGENCY STOP: all joints disabled.
2026-08-27 18:37:40,928 [WARNING] CAN: can0 is up at 1000000 bps.
2026-08-27 18:37:40,936 [INFO] Connected to CAN bus, 6 joints configured.
2026-08-27 18:37:50,825 [ERROR] GimTimeout: No reply from motor 9 for command 0xB1 within 1.0s
2026-08-27 18:37:52,643 [ERROR] GimTimeout: No reply from motor 9 for command 0xB2 within 0.5s
2026-08-27 18:37:58,688 [ERROR] GimTimeout: No reply from motor 9 for command 0xB2 within 0.5s
2026-08-27 18:37:59,191 [ERROR] GimTimeout: No reply from motor 9 for command 0xB2 within 0.5s
2026-08-27 18:38:12,292 [ERROR] GimTimeout: No reply from motor 9 for command 0xB2 within 0.5s
2026-08-27 18:38:12,794 [ERROR] GimTimeout: No reply from motor 9 for command 0xB2 within 0.5s
2026-08-27 18:38:15,721 [ERROR] GimTimeout: No reply from motor 9 for command 0xB2 within 0.5s
2026-08-27 18:38:23,792 [INFO] shoulder: enabled (holding -4.97 deg)
2026-08-27 18:38:23,795 [INFO] elbow: enabled (holding 10.44 deg)
2026-08-27 18:38:25,505 [INFO] shoulder: enabled (holding 2.75 deg)
2026-08-27 18:38:25,508 [INFO] elbow: enabled (holding -4.77 deg)
2026-08-27 18:38:48,078 [INFO] shoulder: disabled
2026-08-27 18:38:48,079 [INFO] elbow: disabled
2026-08-27 18:38:49,180 [INFO] shoulder: disabled
2026-08-27 18:38:49,181 [INFO] elbow: disabled
2026-08-27 18:38:54,826 [WARNING] shoulder: home/origin set here (permanent, stored in motor)
2026-08-27 18:38:54,827 [WARNING] elbow: home/origin set here (permanent, stored in motor)
2026-08-27 18:38:56,540 [INFO] shoulder: enabled (holding 1.03 deg)
2026-08-27 18:38:56,543 [INFO] elbow: enabled (holding -4.57 deg)
2026-08-27 18:40:05,308 [WARNING] EMERGENCY STOP: all joints disabled.
